1,Louisville,=  96.19   35,,5,80.69(   7),8,,3,|,,16,4  | ,96.23    1 |   96,0.04,1
2,Michigan,=  92.60 ,30,8,81.01(   4),,8,,7,|,1,3   7,|   92.52    2 | ,92.57,4
   3,Indiana,=  92.50 ,29,7,79.84(  14),,7,,5,|,1,2   7,|   91.47    4 | ,93.85,3
   4,Florida,=  92.19 ,29,8,78.40(  37),,3,,2,|,,7   6,|   90.69    7 | ,94.66,2
   5,Duke,=  91.99 ,30,6,80.50(   9),,7,,2,|,1,2   4,|   92.06    3 | ,91.82,6
   6,Syracuse,=  91.46 ,30,10,80.23(  11),,5,,7,|,,8   9,|   90.80    6 | ,92.16,5
   7,Kansas,=  90.88 ,31,6,78.42(  36),,5,,2,|,1,4   4,|   91.12    5 | ,90.55,9
   8,Gonzaga,=  90.74 ,31,3,76.16(  93),,3,,1,|,,6   3,|   90.60    8 | ,90.79,7
   9,Ohio State,=  90.61 ,29,8,80.49(  10),,9,,7,|,1,1   8,|   90.39    9 | ,90.74,8
  10,Michigan State,=  89.80 ,26,9,81.57(   1),,6,,8,|,1,0   9,|   89.76   10 | ,89.74,10
FINAL,College Basketball,2012-2013    Div I,ga,mes,only   through,201,3,Ap,ril,,8 Mo,nday -,NCAA Championship,,
 ,, RATING ,W,L,SCHEDL(RANK),VS,t,op,25,|,VS,top 50,| ELO_SCORE    | PR,EDICT,OR  
 , HOME A,DVANTAGE=[  3.51],,,,,,,,,,,[  3.47]       [ ,3.52],
  11,Pittsburgh,=  88.36 ,24,9,77.16(  72),,2,,6,|,,4   8,|   87.49   14 | ,89.33,11
  12,Miami-Florida,=  88.20 ,29,7,79.32(  19),,2,,3,|,1,0   3,|   88.12   12 | ,88.16,15
  13,Wichita State,=  88.14 ,30,9,77.69(  58),,5,,3,|,,7   3,|   88.69   11 | ,87.53,17
  14,Arizona,=  88.08 ,27,8,78.77(  29),,2,,2,|,,6   6,|   87.48   15 | ,88.66,13
  15,Wisconsin,=  87.56 ,23,12,81.36(   2),,6,,8,|,,9  11,|   86.40   21 | ,88.98,12
  16,Creighton,=  87.31 ,28,8,77.28(  67),,3,,3,|,,4   3,|   87.29   16 | ,87.22,18
  17,Georgetown,=  87.22 ,25,7,79.00(  22),,4,,4,|,,9   4,|   88.00   13 | ,86.44,19
  18,VCU(Va. Commonwea,lth)   =  87.08 ,27,9,76.95(  75),,0,,5,|,,3   8,|   85.96   25 | ,88.42,14
  19,Minnesota,=  86.86 ,21,13,81.15(   3),,3,,7,|,,7  10,|   86.04   24 | ,87.75,16
  20,Saint Louis,=  86.26 ,28,7,76.30(  88),,3,,2,|,,7   3,|   86.62   19 | ,85.82,22
FINAL,College Basketball,2012-2013    Div I,ga,mes,only   through,201,3,Ap,ril,,8 Mo,nday -,NCAA Championship,,
 ,, RATING ,W,L,SCHEDL(RANK),VS,t,op,25,|,VS,top 50,| ELO_SCORE    | PR,EDICT,OR  
 , HOME A,DVANTAGE=[  3.51],,,,,,,,,,,[  3.47]       [ ,3.52],
  21,Iowa State,=  86.07 ,23,12,78.27(  43),,0,,4,|,,5   9,|   85.96   27 | ,86.07,21
  22,Marquette,=  85.99 ,26,9,80.09(  12),,6,,4,|,,9   7,|   87.04   17 | ,84.99,31
  23,Oregon,=  85.88 ,28,9,77.27(  68),,2,,1,|,,6   4,|   86.16   23 | ,85.5,26
  24,New Mexico,=  85.67 ,29,6,78.61(  33),,0,,1,|,,8   3,|   87.04   18 | ,84.45,34
  25,Saint Mary's-Cal.,=  85.65 ,27,7,75.10( 112),,1,,3,|,,2   4,|   85.40   30 | ,85.8,23
  26,Oklahoma State,=  85.60 ,24,9,77.88(  52),,2,,4,|,,6   7,|   85.35   31 | ,85.76,24
  27,Colorado State,=  85.56 ,24,9,77.88(  53),,0,,3,|,,3   7,|   85.87   28 | ,85.15,29
  28,Iowa,=  85.46 ,25,13,78.29(  42),,3,,9,|,,5  10,|   85.34   32 | ,85.48,27
  29,Baylor,=  85.45 ,22,14,78.26(  44),,1,,4,|,,4   9,|   84.65   35 | ,86.28,20
  30,Kansas State,=  85.36 ,26,8,78.03(  47),,2,,6,|,,6   8,|   86.46   20 | ,84.32,36
FINAL,College Basketball,2012-2013    Div I,ga,mes,only   through,201,3,Ap,ril,,8 Mo,nday -,NCAA Championship,,
 ,, RATING ,W,L,SCHEDL(RANK),VS,t,op,25,|,VS,top 50,| ELO_SCORE    | PR,EDICT,OR  
 , HOME A,DVANTAGE=[  3.51],,,,,,,,,,,[  3.47]       [ ,3.52],
  31,North Carolina,=  85.33 ,24,11,79.34(  18),,0,,7,|,,3  10,|   85.50   29 | ,85.05,30
  32,Mississippi,=  85.26 ,27,9,75.39( 108),,2,,1,|,,4   5,|   84.97   33 | ,85.45,28
  33,Missouri,=  85.07 ,23,11,77.19(  69),,2,,2,|,,4   7,|   84.50   36 | ,85.6,25
  34,Memphis,=  84.69 ,31,5,74.65( 118),,1,,4,|,,1   4,|   86.22   22 | ,83.35,43
  35,Cincinnati,=  84.68 ,22,12,78.82(  26),,4,,7,|,,5  10,|   84.39   38 | ,84.88,32
  36,NC State,=  84.52 ,24,11,78.02(  48),,1,,4,|,,4   8,|   84.48   37 | ,84.44,35
  37,San Diego State,=  84.37 ,21,11,78.39(  38),,1,,4,|,,3   7,|   84.17   39 | ,84.48,33
  38,Notre Dame,=  84.36 ,25,10,78.36(  39),,3,,6,|,,6   7,|   84.66   34 | ,83.96,39
  39,Butler,=  84.27 ,26,9,78.66(  31),,3,,5,|,,6   7,|   85.96   26 | ,82.81,46
  40,Illinois,=  84.22 ,22,13,80.96(   5),,5,,9,|,,7  11,|   84.10   40 | ,84.23,37
FINAL,College Basketball,2012-2013    Div I,ga,mes,only   through,201,3,Ap,ril,,8 Mo,nday -,NCAA Championship,,
 ,, RATING ,W,L,SCHEDL(RANK),VS,t,op,25,|,VS,top 50,| ELO_SCORE    | PR,EDICT,OR  
 , HOME A,DVANTAGE=[  3.51],,,,,,,,,,,[  3.47]       [ ,3.52],
  41,UNLV,=  83.93 ,24,10,77.72(  57),,2,,3,|,,6   5,|   83.98   41 | ,83.77,41
  42,Connecticut,=  83.26 ,20,10,78.80(  28),,2,,5,|,,4   7,|   83.89   43 | ,82.57,48
  43,La Salle,=  83.23 ,24,10,77.39(  64),,1,,3,|,,4   5,|   83.96   42 | ,82.47,50
  44,Colorado,=  82.88 ,21,12,79.54(  17),,3,,3,|,,5   5,|   82.77   46 | ,82.88,45
  45,UCLA,=  82.87 ,25,10,78.84(  25),,3,,4,|,,5   5,|   82.90   45 | ,82.73,47
  46,Belmont,=  82.87 ,24,7,72.89( 147),,0,,3,|,,1   3,|   82.55   49 | ,83.09,44
  47,Middle Tennessee,=  82.84 ,28,6,71.27( 196),,0,,2,|,,1   3,|   82.19   53 | ,83.46,42
  48,Virginia,=  82.69 ,23,12,75.27( 109),,2,,1,|,,4   4,|   81.67   58 | ,83.77,40
  49,Temple,=  82.57 ,24,10,77.10(  73),,3,,3,|,,5   4,|   83.55   44 | ,81.6,57
  50,Kentucky,=  82.50 ,21,12,76.52(  85),,1,,3,|,,3   5,|   81.07   60 | ,84.18,38
FINAL,College Basketball,2012-2013    Div I,ga,mes,only   through,201,3,Ap,ril,,8 Mo,nday -,NCAA Championship,,
 ,, RATING ,W,L,SCHEDL(RANK),VS,t,op,25,|,VS,top 50,| ELO_SCORE    | PR,EDICT,OR  
 , HOME A,DVANTAGE=[  3.51],,,,,,,,,,,[  3.47]       [ ,3.52],
  51,Oklahoma,=  82.39 ,20,12,78.80(  27),,2,,4,|,,5   8,|   82.60   48 | ,82.07,52
  52,Villanova,=  82.32 ,19,14,80.05(  13),,4,,4,|,,5   9,|   82.61   47 | ,81.93,54
  53,Maryland,=  82.27 ,25,13,76.26(  90),,2,,2,|,,3   9,|   82.08   55 | ,82.36,51
  54,BYU,=  82.17 ,23,12,75.17( 111),,0,,5,|,,0   8,|   81.79   57 | ,82.47,49
  55,California,=  81.88 ,21,12,78.88(  23),,3,,3,|,,6   6,|   81.94   56 | ,81.71,55
  56,Boise State,=  81.68 ,19,11,77.63(  59),,1,,3,|,,4   8,|   82.28   52 | ,81.01,61
  57,Stony Brook-NY,=  81.66 ,24,8,71.17( 202),,0,,0,|,,0   2,|   82.33   51 | ,80.92,62
  58,Stanford,=  81.61 ,19,15,78.73(  30),,1,,3,|,,1  10,|   81.20   59 | ,81.95,53
  59,Bucknell,=  81.41 ,27,6,71.56( 183),,0,,0,|,,1   2,|   82.50   50 | ,80.34,66
  60,Denver,=  80.75 ,22,10,72.86( 149),,0,,0,|,,0   1,|   79.88   69 | ,81.61,56
FINAL,College Basketball,2012-2013    Div I,ga,mes,only   through,201,3,Ap,ril,,8 Mo,nday -,NCAA Championship,,
 ,, RATING ,W,L,SCHEDL(RANK),VS,t,op,25,|,VS,top 50,| ELO_SCORE    | PR,EDICT,OR  
 , HOME A,DVANTAGE=[  3.51],,,,,,,,,,,[  3.47]       [ ,3.52],
  61,Southern Miss,=  80.71 ,25,10,74.79( 117),,0,,2,|,,0   5,|   80.21   65 | ,81.13,60
  62,Stephen F. Austin,=  80.68 ,23,5,68.45( 299),,0,,0,|,,0   0,|   82.14   54 | ,79.3,80
  63,Alabama,=  80.62 ,22,13,76.39(  86),,0,,3,|,,1   6,|   79.91   68 | ,81.28,59
  64,Arizona State,=  80.47 ,22,13,76.04(  98),,0,,4,|,,3   7,|   80.74   62 | ,80.11,69
  65,Valparaiso,=  80.47 ,25,8,72.29( 165),,0,,3,|,,0   3,|   80.69   63 | ,80.13,68
  66,Dayton,=  80.33 ,17,14,75.94(  99),,0,,2,|,,0   7,|   80.01   66 | ,80.57,64
  67,Providence,=  80.33 ,19,15,77.62(  60),,0,,6,|,,2  10,|   79.99   67 | ,80.57,63
  68,Akron,=  80.11 ,25,7,72.45( 159),,0,,2,|,,1   3,|   80.62   64 | ,79.51,74
  69,Santa Clara,=  80.09 ,24,12,73.60( 129),,1,,5,|,,1   5,|   80.80   61 | ,79.32,79
  70,Illinois State,=  80.00 ,18,15,76.08(  97),,1,,5,|,,1   5,|   78.74   81 | ,81.35,58
FINAL,College Basketball,2012-2013    Div I,ga,mes,only   through,201,3,Ap,ril,,8 Mo,nday -,NCAA Championship,,
 ,, RATING ,W,L,SCHEDL(RANK),VS,t,op,25,|,VS,top 50,| ELO_SCORE    | PR,EDICT,OR  
 , HOME A,DVANTAGE=[  3.51],,,,,,,,,,,[  3.47]       [ ,3.52],
  71,Davidson,=  80.00 ,25,8,69.05( 281),,0,,4,|,,0   4,|   79.54   71 | ,80.36,65
  72,Weber State,=  79.71 ,28,7,67.70( 317),,0,,0,|,,0   0,|   79.45   73 | ,79.87,71
  73,Northern Iowa,=  79.71 ,20,15,76.98(  74),,3,,3,|,,3   6,|   79.68   70 | ,79.63,73
  74,Arkansas,=  79.51 ,19,13,76.15(  95),,1,,4,|,,3   6,|   78.65   82 | ,80.33,67
  75,Tennessee,=  79.27 ,20,13,77.36(  65),,2,,1,|,,4   7,|   79.05   76 | ,79.38,77
  76,Purdue,=  79.22 ,16,18,78.88(  24),,2,,7,|,,4  10,|   78.46   85 | ,79.94,70
  77,Xavier-Ohio,=  79.21 ,17,14,77.17(  70),,1,,1,|,,5   3,|   79.27   74 | ,79.04,81
  78,Detroit,=  79.19 ,18,13,75.05( 114),,0,,4,|,,0   5,|   78.86   78 | ,79.44,75
  79,Washington,=  79.02 ,18,16,78.63(  32),,1,,6,|,,2  10,|   79.19   75 | ,78.73,82
  80,North Dakota Stat,e      =  79.01 ,22,10,70.38( 241),,0,,2,|,,0   2,|   78.22   88 | ,79.76,72
FINAL,College Basketball,2012-2013    Div I,ga,mes,only   through,201,3,Ap,ril,,8 Mo,nday -,NCAA Championship,,
 ,, RATING ,W,L,SCHEDL(RANK),VS,t,op,25,|,VS,top 50,| ELO_SCORE    | PR,EDICT,OR  
 , HOME A,DVANTAGE=[  3.51],,,,,,,,,,,[  3.47]       [ ,3.52],
  81,Louisiana Tech,=  78.99 ,26,7,70.99( 214),,0,,0,|,,0   0,|   79.46   72 | ,78.43,84
  82,Ohio,=  78.96 ,24,10,71.51( 184),,0,,0,|,,0   2,|   78.49   84 | ,79.35,78
  83,Saint Joseph's-Pa,.      =  78.84 ,18,14,76.29(  89),,0,,4,|,,2   6,|   78.20   89 | ,79.43,76
  84,Florida Gulf Coas,t      =  78.45 ,24,11,71.32( 192),,2,,4,|,,3   4,|   78.90   77 | ,77.9,86
  85,Evansville,=  78.07 ,20,15,75.88( 101),,2,,2,|,,2   5,|   78.63   83 | ,77.41,90
  86,Lehigh,=  78.02 ,20,10,70.68( 226),,0,,2,|,,0   3,|   77.95   92 | ,77.98,85
  87,Harvard,=  77.96 ,19,10,73.02( 140),,1,,2,|,,1   4,|   78.85   79 | ,77.01,103
  88,Richmond,=  77.94 ,19,15,75.61( 105),,1,,4,|,,1   7,|   77.20  100 | ,78.63,83
  89,Massachusetts,=  77.87 ,21,12,76.69(  82),,0,,4,|,,2   7,|   78.28   87 | ,77.37,91
  90,Iona,=  77.73 ,20,14,73.97( 124),,0,,1,|,,0   2,|   78.29   86 | ,77.07,100
FINAL,College Basketball,2012-2013    Div I,ga,mes,only   through,201,3,Ap,ril,,8 Mo,nday -,NCAA Championship,,
 ,, RATING ,W,L,SCHEDL(RANK),VS,t,op,25,|,VS,top 50,| ELO_SCORE    | PR,EDICT,OR  
 , HOME A,DVANTAGE=[  3.51],,,,,,,,,,,[  3.47]       [ ,3.52],
  91,Indiana State,=  77.63 ,17,15,78.22(  45),,3,,4,|,,4   7,|   77.97   91 | ,77.19,94
  92,St. John's,=  77.63 ,17,16,78.53(  34),,0,,6,|,,3   9,|   78.12   90 | ,77.04,101
  93,Texas,=  77.60 ,16,17,77.72(  56),,1,,5,|,,3  12,|   77.51   97 | ,77.58,89
  94,Air Force,=  77.55 ,16,14,77.91(  50),,1,,3,|,,3   9,|   78.85   80 | ,76.25,111
  95,New Mexico State,=  77.51 ,23,11,73.06( 139),,0,,3,|,,0   3,|   77.87   93 | ,77.04,102
  96,LSU,=  77.46 ,19,12,75.42( 107),,0,,3,|,,1   6,|   77.71   95 | ,77.09,98
  97,Georgia Tech,=  77.37 ,16,15,76.14(  96),,2,,2,|,,3   8,|   76.86  103 | ,77.79,87
  98,Texas A&M,=  77.33 ,18,15,76.16(  94),,0,,2,|,,3   5,|   77.20   99 | ,77.34,92
  99,Washington State,=  77.12 ,13,19,76.76(  77),,0,,6,|,,1   8,|   76.39  114 | ,77.78,88
 100,Southern Californ,ia     =  77.08 ,14,18,79.64(  16),,1,,5,|,,2   9,|   76.75  107 | ,77.31,93
FINAL,College Basketball,2012-2013    Div I,ga,mes,only   through,201,3,Ap,ril,,8 Mo,nday -,NCAA Championship,,
 ,, RATING ,W,L,SCHEDL(RANK),VS,t,op,25,|,VS,top 50,| ELO_SCORE    | PR,EDICT,OR  
 , HOME A,DVANTAGE=[  3.51],,,,,,,,,,,[  3.47]       [ ,3.52],
 101,South Dakota Stat,e      =  77.07 ,22,10,70.48( 235),,1,,2,|,,1   3,|   77.53   96 | ,76.51,109
 102,Wyoming,=  76.96 ,18,14,76.71(  81),,0,,3,|,,2   8,|   77.09  101 | ,76.73,107
 103,Rutgers,=  76.92 ,15,16,78.46(  35),,1,,5,|,,1  11,|   76.63  109 | ,77.11,96
 104,Oregon State,=  76.85 ,14,18,76.72(  80),,0,,4,|,,1   7,|   76.48  112 | ,77.13,95
 105,Princeton,=  76.77 ,16,11,71.96( 169),,0,,1,|,,0   1,|   76.37  117 | ,77.08,99
 106,Boston College,=  76.77 ,16,17,77.77(  55),,0,,5,|,,1  10,|   76.59  111 | ,76.84,106
 107,Canisius,=  76.73 ,20,14,73.13( 137),,0,,1,|,,1   2,|   77.22   98 | ,76.15,113
 108,Vanderbilt,=  76.61 ,16,17,76.89(  76),,0,,2,|,,1   9,|   76.21  120 | ,76.9,105
 109,Charlotte,=  76.50 ,21,12,75.21( 110),,0,,4,|,,2   6,|   77.86   94 | ,75.13,129
 110,East Carolina,=  76.50 ,19,12,73.21( 135),,0,,0,|,,0   3,|   76.67  108 | ,76.22,112
FINAL,College Basketball,2012-2013    Div I,ga,mes,only   through,201,3,Ap,ril,,8 Mo,nday -,NCAA Championship,,
 ,, RATING ,W,L,SCHEDL(RANK),VS,t,op,25,|,VS,top 50,| ELO_SCORE    | PR,EDICT,OR  
 , HOME A,DVANTAGE=[  3.51],,,,,,,,,,,[  3.47]       [ ,3.52],
 111,UTEP,=  76.44 ,18,14,74.24( 121),,1,,1,|,,1   4,|   76.45  113 | ,76.32,110
 112,Florida State,=  76.37 ,18,16,78.35(  40),,0,,5,|,,2  10,|   76.60  110 | ,76.04,115
 113,Seton Hall,=  76.34 ,15,18,77.90(  51),,0,,8,|,,0  11,|   75.62  127 | ,77,104
 114,Eastern Kentucky,=  76.33 ,23,10,70.24( 248),,0,,0,|,,0   3,|   76.80  105 | ,75.77,121
 115,Georgia,=  76.31 ,15,17,76.74(  79),,0,,3,|,,1   6,|   76.38  115 | ,76.13,114
 116,Utah,=  76.22 ,13,18,78.33(  41),,1,,4,|,,2   6,|   76.38  116 | ,75.95,117
 117,Mercer,=  76.17 ,22,12,70.35( 243),,0,,1,|,,0   1,|   77.03  102 | ,75.24,125
 118,Loyola-Maryland,=  76.12 ,23,12,72.35( 163),,0,,0,|,,0   1,|   76.86  104 | ,75.31,124
 119,Clemson,=  76.11 ,13,18,76.38(  87),,0,,5,|,,1   9,|   75.08  135 | ,77.1,97
 120,George Washington,=  76.09 ,13,17,76.62(  83),,0,,2,|,,0   8,|   75.55  129 | ,76.55,108
FINAL,College Basketball,2012-2013    Div I,ga,mes,only   through,201,3,Ap,ril,,8 Mo,nday -,NCAA Championship,,
 ,, RATING ,W,L,SCHEDL(RANK),VS,t,op,25,|,VS,top 50,| ELO_SCORE    | PR,EDICT,OR  
 , HOME A,DVANTAGE=[  3.51],,,,,,,,,,,[  3.47]       [ ,3.52],
 121,Utah State,=  76.06 ,20,10,71.29( 195),,0,,1,|,,0   1,|   76.08  121 | ,75.94,118
 122,St. Bonaventure,=  75.98 ,14,15,75.81( 103),,0,,2,|,,1   6,|   75.97  122 | ,75.88,120
 123,Fresno State,=  75.68 ,9,19,79.17(  20),,0,,2,|,,2   9,|   75.87  123 | ,75.39,123
 124,West Virginia,=  75.65 ,13,19,78.14(  46),,0,,6,|,,0  12,|   75.17  134 | ,76.04,116
 125,Northwestern,=  75.64 ,13,19,79.64(  15),,1,,8,|,,3  13,|   75.28  132 | ,75.89,119
 126,Drake,=  75.56 ,14,17,77.17(  71),,1,,6,|,,1   6,|   75.81  125 | ,75.21,128
 127,Murray State,=  75.53 ,19,10,70.78( 225),,0,,0,|,,1   2,|   76.28  119 | ,74.69,134
 128,Central Florida(U,CF)    =  75.50 ,18,11,72.93( 145),,0,,2,|,,1   5,|   75.67  126 | ,75.23,126
 129,Nebraska,=  75.47 ,15,18,80.60(   8),,1,1,2,|,,2  15,|   75.87  124 | ,74.97,130
 130,George Mason,=  75.43 ,22,16,72.85( 150),,0,,1,|,,1   1,|   75.53  130 | ,75.22,127
FINAL,College Basketball,2012-2013    Div I,ga,mes,only   through,201,3,Ap,ril,,8 Mo,nday -,NCAA Championship,,
 ,, RATING ,W,L,SCHEDL(RANK),VS,t,op,25,|,VS,top 50,| ELO_SCORE    | PR,EDICT,OR  
 , HOME A,DVANTAGE=[  3.51],,,,,,,,,,,[  3.47]       [ ,3.52],
 131,Wright State,=  75.42 ,22,13,72.09( 167),,0,,0,|,,0   1,|   75.05  136 | ,75.69,122
 132,Northwestern Stat,e      =  75.40 ,19,9,70.64( 227),,0,,1,|,,0   1,|   76.77  106 | ,73.99,143
 133,Pacific,=  75.03 ,20,13,73.52( 132),,1,,3,|,,1   3,|   76.29  118 | ,73.7,147
 134,Green Bay,=  75.02 ,17,16,73.21( 136),,1,,1,|,,1   2,|   74.99  139 | ,74.95,131
 135,Oral Roberts,=  74.88 ,19,15,71.23( 198),,0,,1,|,,0   3,|   75.61  128 | ,74.06,142
 136,South Florida,=  74.84 ,12,19,79.07(  21),,1,,6,|,,2  10,|   74.79  140 | ,74.79,132
 137,Kent State,=  74.81 ,20,14,72.39( 161),,0,,0,|,,0   1,|   74.78  142 | ,74.73,133
 138,Vermont,=  74.77 ,21,12,70.22( 249),,0,,0,|,,0   1,|   75.26  133 | ,74.18,139
 139,Wake Forest,=  74.69 ,13,18,77.41(  63),,1,,2,|,,3   5,|   74.72  144 | ,74.54,135
 140,Robert Morris,=  74.56 ,24,11,69.28( 275),,0,,0,|,,1   0,|   74.77  143 | ,74.25,137
FINAL,College Basketball,2012-2013    Div I,ga,mes,only   through,201,3,Ap,ril,,8 Mo,nday -,NCAA Championship,,
 ,, RATING ,W,L,SCHEDL(RANK),VS,t,op,25,|,VS,top 50,| ELO_SCORE    | PR,EDICT,OR  
 , HOME A,DVANTAGE=[  3.51],,,,,,,,,,,[  3.47]       [ ,3.52],
 141,Niagara,=  74.55 ,19,14,72.95( 144),,0,,0,|,,0   1,|   75.02  138 | ,73.98,144
 142,Western Michigan,=  74.49 ,21,13,71.71( 175),,0,,1,|,,0   2,|   74.79  141 | ,74.1,141
 143,Boston U.,=  74.44 ,17,13,70.99( 212),,0,,0,|,,0   1,|   75.03  137 | ,73.75,145
 144,San Francisco,=  74.40 ,13,16,74.83( 116),,0,,4,|,,0   6,|   74.36  148 | ,74.33,136
 145,Albany-NY,=  74.11 ,24,11,69.56( 268),,0,,2,|,,0   2,|   74.64  145 | ,73.48,148
 146,Bradley,=  73.87 ,18,17,74.42( 120),,0,,5,|,,0   5,|   74.23  150 | ,73.4,150
 147,Fairfield,=  73.77 ,19,16,72.34( 164),,0,,0,|,,0   1,|   73.69  152 | ,73.73,146
 148,UC Irvine,=  73.69 ,19,16,72.60( 155),,0,,0,|,,0   2,|   74.47  147 | ,72.82,155
 149,Rider,=  73.58 ,19,15,72.90( 146),,0,,0,|,,0   1,|   74.60  146 | ,72.47,164
 150,Montana,=  73.51 ,23,7,68.56( 294),,0,,1,|,,0   2,|   75.41  131 | ,71.56,177
FINAL,College Basketball,2012-2013    Div I,ga,mes,only   through,201,3,Ap,ril,,8 Mo,nday -,NCAA Championship,,
 ,, RATING ,W,L,SCHEDL(RANK),VS,t,op,25,|,VS,top 50,| ELO_SCORE    | PR,EDICT,OR  
 , HOME A,DVANTAGE=[  3.51],,,,,,,,,,,[  3.47]       [ ,3.52],
 151,Tulane,=  73.50 ,19,15,70.44( 237),,0,,0,|,,0   2,|   72.70  164 | ,74.19,138
 152,Arkansas State,=  73.35 ,18,12,68.99( 283),,0,,0,|,,1   1,|   72.49  170 | ,74.11,140
 153,Virginia Tech,=  73.23 ,13,19,77.83(  54),,0,,4,|,,2  10,|   73.38  155 | ,72.96,153
 154,Western Illinois,=  73.17 ,20,9,68.94( 287),,0,,0,|,,0   0,|   73.57  154 | ,72.65,158
 155,Penn State,=  73.14 ,10,21,80.76(   6),,1,,9,|,,1  14,|   72.72  163 | ,73.45,149
 156,College of Charle,ston   =  73.13 ,24,10,68.33( 302),,0,,1,|,,1   1,|   73.20  159 | ,72.96,154
 157,Delaware,=  73.09 ,19,14,72.01( 168),,0,,2,|,,1   5,|   73.61  153 | ,72.45,165
 158,Texas-Arlington,=  72.87 ,19,14,71.76( 173),,0,,0,|,,0   1,|   72.82  162 | ,72.81,156
 159,Long Beach State,=  72.80 ,17,14,74.49( 119),,0,,3,|,,0   6,|   74.29  149 | ,71.21,187
 160,UAB,=  72.72 ,15,17,74.16( 122),,0,,1,|,,0   5,|   72.63  166 | ,72.7,157
FINAL,College Basketball,2012-2013    Div I,ga,mes,only   through,201,3,Ap,ril,,8 Mo,nday -,NCAA Championship,,
 ,, RATING ,W,L,SCHEDL(RANK),VS,t,op,25,|,VS,top 50,| ELO_SCORE    | PR,EDICT,OR  
 , HOME A,DVANTAGE=[  3.51],,,,,,,,,,,[  3.47]       [ ,3.52],
 161,Manhattan,=  72.67 ,14,18,73.94( 125),,0,,1,|,,0   1,|   73.13  160 | ,72.11,169
 162,Southern Illinois,=  72.64 ,13,17,75.57( 106),,1,,4,|,,1   4,|   73.26  158 | ,71.9,173
 163,Loyola-Chicago,=  72.60 ,14,16,71.45( 186),,0,,1,|,,0   1,|   72.61  167 | ,72.47,163
 164,Cal Poly-SLO,=  72.57 ,16,14,72.42( 160),,0,,1,|,,1   1,|   73.71  151 | ,71.32,185
 165,NC Central,=  72.54 ,19,9,67.28( 329),,0,,2,|,,0   2,|   72.37  176 | ,72.6,159
 166,Tennessee State,=  72.46 ,16,15,72.62( 154),,0,,1,|,,1   5,|   73.31  156 | ,71.5,179
 167,Illinois-Chicago,=  72.43 ,17,16,72.88( 148),,0,,1,|,,1   1,|   73.26  157 | ,71.48,180
 168,DePaul,=  72.40 ,11,21,77.46(  62),,0,,7,|,,0  12,|   71.46  183 | ,73.24,152
 169,Southern U.,=  72.37 ,20,10,64.25( 347),,0,,2,|,,0   2,|   71.30  185 | ,73.32,151
 170,James Madison,=  72.28 ,21,15,70.62( 228),,0,,1,|,,0   2,|   72.59  169 | ,71.86,174
FINAL,College Basketball,2012-2013    Div I,ga,mes,only   through,201,3,Ap,ril,,8 Mo,nday -,NCAA Championship,,
 ,, RATING ,W,L,SCHEDL(RANK),VS,t,op,25,|,VS,top 50,| ELO_SCORE    | PR,EDICT,OR  
 , HOME A,DVANTAGE=[  3.51],,,,,,,,,,,[  3.47]       [ ,3.52],
 171,Towson,=  72.27 ,17,13,71.57( 181),,0,,1,|,,0   2,|   72.49  171 | ,71.96,172
 172,Western Kentucky,=  72.27 ,19,16,71.16( 204),,0,,3,|,,0   6,|   71.90  180 | ,72.54,161
 173,Army,=  72.19 ,15,15,69.90( 257),,0,,0,|,,0   0,|   71.76  182 | ,72.51,162
 174,Nevada,=  72.18 ,11,19,77.53(  61),,0,,3,|,,0   9,|   72.29  177 | ,71.97,171
 175,San Diego,=  72.18 ,14,18,74.89( 115),,0,,5,|,,0   6,|   72.60  168 | ,71.65,175
 176,Wagner,=  72.15 ,19,12,69.39( 272),,0,,1,|,,0   2,|   73.08  161 | ,71.1,190
 177,Northeastern,=  72.10 ,20,13,71.38( 188),,0,,0,|,,1   1,|   72.65  165 | ,71.43,182
 178,Drexel,=  72.09 ,13,18,72.48( 156),,0,,1,|,,0   1,|   71.82  181 | ,72.26,166
 179,Bryant,=  72.03 ,19,12,69.13( 278),,0,,1,|,,0   1,|   72.41  174 | ,71.55,178
 180,Fla. Internationa,l      =  71.99 ,18,14,71.21( 199),,0,,1,|,,1   3,|   72.25  178 | ,71.62,176
FINAL,College Basketball,2012-2013    Div I,ga,mes,only   through,201,3,Ap,ril,,8 Mo,nday -,NCAA Championship,,
 ,, RATING ,W,L,SCHEDL(RANK),VS,t,op,25,|,VS,top 50,| ELO_SCORE    | PR,EDICT,OR  
 , HOME A,DVANTAGE=[  3.51],,,,,,,,,,,[  3.47]       [ ,3.52],
 181,Tulsa,=  71.95 ,16,16,73.67( 126),,0,,2,|,,0   4,|   72.44  172 | ,71.34,183
 182,Youngstown State,=  71.92 ,15,16,72.78( 152),,0,,0,|,,0   0,|   72.44  173 | ,71.29,186
 183,SMU,=  71.66 ,14,17,71.50( 185),,0,,0,|,,0   1,|   71.24  187 | ,71.97,170
 184,Toledo,=  71.62 ,15,13,70.42( 239),,0,,1,|,,0   1,|   71.97  179 | ,71.17,189
 185,Houston,=  71.59 ,19,13,69.01( 282),,0,,0,|,,0   1,|   70.87  192 | ,72.2,167
 186,Charleston Southe,rn     =  71.29 ,16,13,67.75( 315),,0,,2,|,,0   2,|   70.26  199 | ,72.2,168
 187,Texas Southern,=  71.21 ,17,14,66.72( 333),,0,,1,|,,0   5,|   69.71  216 | ,72.56,160
 188,Buffalo,=  71.13 ,12,20,73.01( 141),,0,,0,|,,0   1,|   71.15  189 | ,71,191
 189,Lafayette,=  71.12 ,18,15,71.10( 207),,0,,1,|,,0   2,|   71.25  186 | ,70.89,193
 190,Rhode Island,=  70.87 ,8,21,76.75(  78),,1,,3,|,,1   6,|   70.43  197 | ,71.2,188
FINAL,College Basketball,2012-2013    Div I,ga,mes,only   through,201,3,Ap,ril,,8 Mo,nday -,NCAA Championship,,
 ,, RATING ,W,L,SCHEDL(RANK),VS,t,op,25,|,VS,top 50,| ELO_SCORE    | PR,EDICT,OR  
 , HOME A,DVANTAGE=[  3.51],,,,,,,,,,,[  3.47]       [ ,3.52],
 191,Georgia State,=  70.83 ,14,16,70.60( 231),,0,,1,|,,0   1,|   70.21  202 | ,71.34,184
 192,Long Island U.,=  70.79 ,20,14,68.62( 292),,0,,0,|,,0   1,|   71.22  188 | ,70.26,199
 193,South Alabama,=  70.74 ,16,13,70.44( 236),,0,,0,|,,0   2,|   71.03  190 | ,70.33,197
 194,Mount St. Mary's,=  70.68 ,18,14,70.53( 233),,0,,3,|,,0   3,|   72.38  175 | ,68.79,221
 195,Auburn,=  70.59 ,9,23,75.90( 100),,0,,1,|,,0   7,|   69.60  217 | ,71.45,181
 196,USC Upstate,=  70.52 ,14,17,69.70( 263),,0,,1,|,,0   3,|   70.06  207 | ,70.86,194
 197,Norfolk State,=  70.42 ,21,12,67.81( 313),,0,,0,|,,0   3,|   71.41  184 | ,69.29,212
 198,Gardner-Webb,=  70.40 ,18,13,67.46( 325),,0,,0,|,,0   3,|   69.77  213 | ,70.92,192
 199,Columbia,=  70.38 ,10,16,70.42( 238),,0,,0,|,,0   0,|   69.89  210 | ,70.75,195
 200,Quinnipiac,=  70.34 ,15,16,70.29( 244),,0,,0,|,,0   1,|   70.89  191 | ,69.68,210
FINAL,College Basketball,2012-2013    Div I,ga,mes,only   through,201,3,Ap,ril,,8 Mo,nday -,NCAA Championship,,
 ,, RATING ,W,L,SCHEDL(RANK),VS,t,op,25,|,VS,top 50,| ELO_SCORE    | PR,EDICT,OR  
 , HOME A,DVANTAGE=[  3.51],,,,,,,,,,,[  3.47]       [ ,3.52],
 201,Oakland-Mich.,=  70.33 ,14,17,73.11( 138),,0,,2,|,,0   2,|   70.46  196 | ,70.09,200
 202,Jacksonville Stat,e      =  70.27 ,15,11,69.80( 259),,0,,1,|,,0   4,|   70.64  193 | ,69.8,206
 203,CS Fullerton,=  70.24 ,12,18,70.62( 229),,0,,0,|,,0   0,|   70.40  198 | ,69.97,203
 204,Savannah State,=  70.20 ,17,15,69.22( 276),,0,,4,|,,0   5,|   70.57  194 | ,69.72,208
 205,South Carolina,=  70.17 ,14,18,73.22( 134),,0,,1,|,,1   4,|   70.20  203 | ,70.03,201
 206,Idaho,=  70.14 ,11,18,72.96( 143),,0,,1,|,,0   1,|   69.73  215 | ,70.44,196
 207,Hawai'i,=  70.12 ,16,15,70.03( 255),,0,,1,|,,0   4,|   70.25  200 | ,69.89,204
 208,Yale,=  70.06 ,12,17,72.99( 142),,0,,3,|,,0   3,|   70.18  204 | ,69.83,205
 209,Missouri State,=  69.95 ,9,22,77.30(  66),,0,,5,|,,0   7,|   70.50  195 | ,69.28,214
 210,CS Northridge,=  69.71 ,12,17,71.39( 187),,0,,0,|,,0   1,|   70.22  201 | ,69.08,217
FINAL,College Basketball,2012-2013    Div I,ga,mes,only   through,201,3,Ap,ril,,8 Mo,nday -,NCAA Championship,,
 ,, RATING ,W,L,SCHEDL(RANK),VS,t,op,25,|,VS,top 50,| ELO_SCORE    | PR,EDICT,OR  
 , HOME A,DVANTAGE=[  3.51],,,,,,,,,,,[  3.47]       [ ,3.52],
 211,Elon,=  69.70 ,19,12,67.65( 320),,0,,1,|,,0   2,|   69.29  220 | ,69.99,202
 212,NC Asheville,=  69.66 ,13,16,69.28( 274),,0,,1,|,,0   2,|   68.89  224 | ,70.3,198
 213,Loyola Marymount,=  69.58 ,10,22,75.07( 113),,0,,6,|,,0   7,|   69.88  211 | ,69.16,216
 214,Morgan State,=  69.55 ,17,15,67.46( 323),,0,,0,|,,0   1,|   69.30  219 | ,69.69,209
 215,Pepperdine,=  69.55 ,11,18,73.66( 127),,0,,4,|,,0   4,|   69.73  214 | ,69.25,215
 216,UC Davis,=  69.51 ,14,17,70.61( 230),,0,,0,|,,0   1,|   69.98  208 | ,68.93,220
 217,Morehead State,=  69.44 ,13,18,72.45( 158),,0,,0,|,,0   3,|   70.09  206 | ,68.67,222
 218,Marshall,=  69.43 ,12,19,73.59( 130),,0,,0,|,,0   4,|   69.78  212 | ,68.97,219
 219,Ark.-Little Rock,=  69.40 ,16,15,70.39( 240),,0,,0,|,,0   4,|   70.12  205 | ,68.55,224
 220,St. Francis-NY,=  69.36 ,12,18,70.83( 223),,0,,0,|,,0   1,|   69.58  218 | ,69.03,218
FINAL,College Basketball,2012-2013    Div I,ga,mes,only   through,201,3,Ap,ril,,8 Mo,nday -,NCAA Championship,,
 ,, RATING ,W,L,SCHEDL(RANK),VS,t,op,25,|,VS,top 50,| ELO_SCORE    | PR,EDICT,OR  
 , HOME A,DVANTAGE=[  3.51],,,,,,,,,,,[  3.47]       [ ,3.52],
 221,William & Mary,=  69.28 ,12,17,70.28( 245),,0,,0,|,,0   0,|   68.77  226 | ,69.66,211
 222,Bowling Green,=  69.12 ,11,19,71.38( 189),,0,,1,|,,0   2,|   68.34  233 | ,69.76,207
 223,Hartford,=  69.06 ,17,14,69.80( 260),,0,,0,|,,0   2,|   69.90  209 | ,68.09,228
 224,UC Santa Barbara,=  68.94 ,9,20,73.59( 131),,0,,0,|,,0   1,|   69.24  222 | ,68.53,225
 225,Stetson,=  68.61 ,14,16,69.76( 262),,0,,2,|,,0   2,|   69.02  223 | ,68.08,229
 226,High Point,=  68.40 ,15,14,66.63( 335),,0,,0,|,,0   0,|   67.34  244 | ,69.29,213
 227,Texas Tech,=  68.36 ,11,20,76.56(  84),,1,,5,|,,1  11,|   68.82  225 | ,67.79,234
 228,Sam Houston State,=  68.30 ,14,17,68.94( 286),,0,,1,|,,0   1,|   68.63  227 | ,67.86,233
 229,SE Missouri State,(SEMO) =  68.30 ,15,16,67.68( 318),,0,,1,|,,0   3,|   68.08  236 | ,68.42,226
 230,Louisiana-Lafayet,te     =  68.09 ,12,20,70.95( 216),,0,,1,|,,0   4,|   67.64  242 | ,68.41,227
FINAL,College Basketball,2012-2013    Div I,ga,mes,only   through,201,3,Ap,ril,,8 Mo,nday -,NCAA Championship,,
 ,, RATING ,W,L,SCHEDL(RANK),VS,t,op,25,|,VS,top 50,| ELO_SCORE    | PR,EDICT,OR  
 , HOME A,DVANTAGE=[  3.51],,,,,,,,,,,[  3.47]       [ ,3.52],
 231,Brown,=  68.07 ,12,15,70.94( 219),,0,,0,|,,0   1,|   68.57  229 | ,67.44,238
 232,Florida Atlantic,=  68.05 ,13,18,70.28( 246),,0,,1,|,,0   4,|   68.57  228 | ,67.41,239
 233,Marist,=  67.99 ,10,21,72.74( 153),,0,,0,|,,0   0,|   68.55  230 | ,67.31,241
 234,Duquesne,=  67.96 ,8,22,76.22(  91),,0,,4,|,,1   6,|   67.72  239 | ,68.07,230
 235,Cleveland State,=  67.95 ,11,18,74.14( 123),,0,,1,|,,0   2,|   69.27  221 | ,66.41,256
 236,NC A&T,=  67.92 ,19,17,67.85( 312),,0,,2,|,,0   3,|   67.78  238 | ,67.95,231
 237,Holy Cross,=  67.92 ,12,18,71.10( 209),,0,,0,|,,0   0,|   67.99  237 | ,67.73,235
 238,North Florida(UNF,)      =  67.86 ,12,19,71.31( 193),,0,,2,|,,0   5,|   68.23  234 | ,67.38,240
 239,Eastern Michigan,=  67.84 ,13,18,71.14( 205),,0,,2,|,,0   3,|   68.46  231 | ,67.09,244
 240,Mississippi State,=  67.73 ,10,22,76.17(  92),,0,,3,|,,1   7,|   68.36  232 | ,66.97,248
FINAL,College Basketball,2012-2013    Div I,ga,mes,only   through,201,3,Ap,ril,,8 Mo,nday -,NCAA Championship,,
 ,, RATING ,W,L,SCHEDL(RANK),VS,t,op,25,|,VS,top 50,| ELO_SCORE    | PR,EDICT,OR  
 , HOME A,DVANTAGE=[  3.51],,,,,,,,,,,[  3.47]       [ ,3.52],
 241,Coastal Carolina,=  67.64 ,11,15,68.38( 301),,0,,0,|,,0   1,|   66.49  254 | ,68.6,223
 242,Miami-Ohio,=  67.42 ,8,22,73.52( 133),,0,,1,|,,0   2,|   67.72  240 | ,67.01,246
 243,Central Connectic,ut St. =  67.36 ,13,17,70.15( 250),,0,,2,|,,1   2,|   68.08  235 | ,66.49,255
 244,Northern Kentucky,=  67.34 ,11,16,69.50( 270),,0,,1,|,,0   1,|   67.67  241 | ,66.89,249
 245,CS Bakersfield,=  67.11 ,10,16,71.35( 191),,0,,0,|,,0   3,|   66.81  248 | ,67.3,242
 246,Central Michigan,=  67.09 ,10,20,72.11( 166),,0,,1,|,,0   2,|   66.50  253 | ,67.54,237
 247,Fordham,=  66.95 ,7,24,77.94(  49),,0,,3,|,,0   8,|   67.24  246 | ,66.54,252
 248,Fort Wayne(IPFW),=  66.89 ,14,17,68.97( 285),,0,,0,|,,0   1,|   66.62  250 | ,67.06,245
 249,Ball State,=  66.77 ,14,15,70.03( 254),,0,,1,|,,0   2,|   67.25  245 | ,66.17,261
 250,South Dakota,=  66.75 ,8,20,71.30( 194),,0,,1,|,,0   3,|   66.74  249 | ,66.65,251
FINAL,College Basketball,2012-2013    Div I,ga,mes,only   through,201,3,Ap,ril,,8 Mo,nday -,NCAA Championship,,
 ,, RATING ,W,L,SCHEDL(RANK),VS,t,op,25,|,VS,top 50,| ELO_SCORE    | PR,EDICT,OR  
 , HOME A,DVANTAGE=[  3.51],,,,,,,,,,,[  3.47]       [ ,3.52],
 251,Seattle,=  66.74 ,7,22,71.01( 211),,0,,0,|,,0   1,|   65.33  274 | ,67.91,232
 252,Wofford,=  66.56 ,12,19,68.83( 290),,0,,0,|,,0   2,|   65.86  264 | ,67.12,243
 253,TCU,=  66.54 ,10,21,75.88( 102),,1,,3,|,,1   9,|   66.48  255 | ,66.49,254
 254,Cornell,=  66.53 ,12,18,71.16( 203),,0,,2,|,,0   2,|   66.61  251 | ,66.34,258
 255,Northern Colorado,=  66.50 ,11,18,68.28( 303),,0,,1,|,,0   2,|   66.54  252 | ,66.37,257
 256,Texas-San Antonio,(UTSA) =  66.50 ,10,22,71.83( 172),,0,,1,|,,0   1,|   66.17  260 | ,66.72,250
 257,Maine,=  66.46 ,10,19,71.10( 208),,0,,0,|,,0   0,|   67.49  243 | ,65.24,270
 258,Pennsylvania,=  66.32 ,9,22,72.36( 162),,0,,0,|,,0   3,|   65.99  262 | ,66.54,253
 259,Western Carolina,=  66.27 ,12,19,68.39( 300),,0,,2,|,,0   3,|   64.53  284 | ,67.68,236
 260,North Texas,=  66.26 ,11,19,70.04( 252),,0,,2,|,,0   5,|   65.36  273 | ,66.98,247
FINAL,College Basketball,2012-2013    Div I,ga,mes,only   through,201,3,Ap,ril,,8 Mo,nday -,NCAA Championship,,
 ,, RATING ,W,L,SCHEDL(RANK),VS,t,op,25,|,VS,top 50,| ELO_SCORE    | PR,EDICT,OR  
 , HOME A,DVANTAGE=[  3.51],,,,,,,,,,,[  3.47]       [ ,3.52],
 261,Portland,=  66.25 ,9,21,75.65( 104),,0,,5,|,,0   8,|   66.21  259 | ,66.17,260
 262,New Hampshire,=  66.21 ,8,20,70.95( 217),,0,,0,|,,0   1,|   66.32  256 | ,66,263
 263,North Dakota,=  66.13 ,14,17,68.17( 306),,0,,0,|,,0   1,|   66.26  257 | ,65.89,265
 264,Texas State,=  65.95 ,11,22,71.67( 177),,0,,0,|,,0   0,|   65.45  271 | ,66.31,259
 265,NJIT(New Jersey T,ech)   =  65.93 ,12,13,64.95( 345),,0,,0,|,,0   0,|   65.65  268 | ,66.09,262
 266,Colgate,=  65.78 ,11,21,71.61( 179),,0,,2,|,,0   3,|   65.69  266 | ,65.76,266
 267,Appalachian State,=  65.76 ,13,16,67.32( 328),,0,,0,|,,0   1,|   65.43  272 | ,65.97,264
 268,Sacred Heart,=  65.71 ,9,20,71.58( 180),,0,,0,|,,0   1,|   66.26  258 | ,65.02,274
 269,Tennessee Tech,=  65.65 ,10,17,70.97( 215),,0,,0,|,,0   3,|   66.82  247 | ,64.24,283
 270,American U.,=  65.45 ,10,20,71.21( 201),,0,,3,|,,0   3,|   65.55  270 | ,65.24,269
FINAL,College Basketball,2012-2013    Div I,ga,mes,only   through,201,3,Ap,ril,,8 Mo,nday -,NCAA Championship,,
 ,, RATING ,W,L,SCHEDL(RANK),VS,t,op,25,|,VS,top 50,| ELO_SCORE    | PR,EDICT,OR  
 , HOME A,DVANTAGE=[  3.51],,,,,,,,,,,[  3.47]       [ ,3.52],
 271,Hampton,=  65.25 ,14,17,66.67( 334),,0,,0,|,,0   0,|   65.28  275 | ,65.11,273
 272,Bethune-Cookman,=  65.20 ,12,20,68.49( 296),,0,,1,|,,0   1,|   65.03  278 | ,65.26,268
 273,Winthrop,=  65.09 ,11,17,68.88( 289),,0,,2,|,,0   2,|   64.45  286 | ,65.59,267
 274,Jacksonville,=  65.03 ,12,18,69.56( 267),,0,,2,|,,0   2,|   65.67  267 | ,64.24,282
 275,Saint Peter's,=  65.01 ,9,21,71.70( 176),,0,,0,|,,0   0,|   65.21  276 | ,64.7,277
 276,Siena,=  64.93 ,8,24,72.47( 157),,0,,0,|,,0   1,|   66.05  261 | ,63.57,292
 277,Eastern Illinois,=  64.91 ,11,20,68.99( 284),,0,,1,|,,0   2,|   64.79  283 | ,64.92,275
 278,SE Louisiana,=  64.88 ,11,18,70.51( 234),,0,,3,|,,0   3,|   65.55  269 | ,64.06,284
 279,Delaware State,=  64.86 ,13,18,68.49( 297),,0,,1,|,,0   1,|   65.84  265 | ,63.68,290
 280,Troy,=  64.82 ,12,21,69.12( 279),,0,,0,|,,0   2,|   65.06  277 | ,64.47,279
FINAL,College Basketball,2012-2013    Div I,ga,mes,only   through,201,3,Ap,ril,,8 Mo,nday -,NCAA Championship,,
 ,, RATING ,W,L,SCHEDL(RANK),VS,t,op,25,|,VS,top 50,| ELO_SCORE    | PR,EDICT,OR  
 , HOME A,DVANTAGE=[  3.51],,,,,,,,,,,[  3.47]       [ ,3.52],
 281,Sacramento State,=  64.77 ,12,15,66.78( 332),,0,,0,|,,0   0,|   64.91  281 | ,64.52,278
 282,Lipscomb,=  64.72 ,11,18,70.93( 220),,0,,0,|,,0   5,|   65.99  263 | ,63.16,297
 283,Dartmouth,=  64.70 ,8,19,70.95( 218),,0,,0,|,,0   0,|   64.52  285 | ,64.77,276
 284,Liberty,=  64.61 ,12,21,67.80( 314),,0,,1,|,,0   1,|   63.90  291 | ,65.16,271
 285,NC Wilmington,=  64.40 ,9,20,71.06( 210),,0,,0,|,,0   0,|   65.01  279 | ,63.65,291
 286,Old Dominion,=  64.39 ,5,25,71.21( 200),,0,,1,|,,1   1,|   63.42  297 | ,65.15,272
 287,Georgia Southern,=  64.35 ,12,19,68.58( 293),,0,,0,|,,0   0,|   64.17  290 | ,64.42,280
 288,Ark.-Pine Bluff,=  64.15 ,16,14,66.40( 337),,0,,2,|,,0   3,|   64.96  280 | ,63.16,296
 289,McNeese State,=  63.98 ,11,17,69.77( 261),,0,,0,|,,0   2,|   64.90  282 | ,62.85,303
 290,Milwaukee,=  63.76 ,6,24,73.63( 128),,0,,1,|,,0   1,|   64.18  289 | ,63.22,295
FINAL,College Basketball,2012-2013    Div I,ga,mes,only   through,201,3,Ap,ril,,8 Mo,nday -,NCAA Championship,,
 ,, RATING ,W,L,SCHEDL(RANK),VS,t,op,25,|,VS,top 50,| ELO_SCORE    | PR,EDICT,OR  
 , HOME A,DVANTAGE=[  3.51],,,,,,,,,,,[  3.47]       [ ,3.52],
 291,Nicholls State,=  63.75 ,9,21,69.81( 258),,0,,1,|,,0   2,|   63.61  294 | ,63.78,288
 292,San Jose State,=  63.73 ,8,20,71.84( 171),,0,,1,|,,0   1,|   64.20  287 | ,63.13,298
 293,VMI,=  63.65 ,11,17,67.09( 331),,0,,0,|,,0   0,|   63.49  295 | ,63.69,289
 294,Campbell,=  63.44 ,11,19,67.38( 326),,0,,2,|,,0   3,|   62.96  301 | ,63.79,287
 295,Central Arkansas,=  63.41 ,11,17,68.00( 308),,0,,0,|,,0   1,|   63.47  296 | ,63.23,294
 296,Samford,=  63.40 ,10,21,67.99( 309),,0,,2,|,,0   4,|   62.62  304 | ,64,285
 297,Utah Valley,=  63.37 ,10,18,67.33( 327),,0,,0,|,,0   0,|   63.37  298 | ,63.27,293
 298,Monmouth-NJ,=  63.37 ,10,21,70.24( 247),,0,,1,|,,0   2,|   64.20  288 | ,62.35,308
 299,Radford,=  63.26 ,10,19,67.27( 330),,0,,0,|,,0   0,|   62.36  309 | ,63.95,286
 300,Northern Arizona,=  63.04 ,11,21,69.45( 271),,0,,2,|,,0   4,|   63.64  293 | ,62.28,310
FINAL,College Basketball,2012-2013    Div I,ga,mes,only   through,201,3,Ap,ril,,8 Mo,nday -,NCAA Championship,,
 ,, RATING ,W,L,SCHEDL(RANK),VS,t,op,25,|,VS,top 50,| ELO_SCORE    | PR,EDICT,OR  
 , HOME A,DVANTAGE=[  3.51],,,,,,,,,,,[  3.47]       [ ,3.52],
 301,Hofstra,=  62.95 ,6,25,71.63( 178),,0,,0,|,,0   0,|   63.32  299 | ,62.45,306
 302,SIU-Edwardsville,=  62.80 ,7,18,69.14( 277),,0,,1,|,,0   3,|   62.57  305 | ,62.92,301
 303,NC Greensboro,=  62.75 ,7,22,67.72( 316),,0,,0,|,,0   1,|   60.55  322 | ,64.34,281
 304,Chicago State,=  62.74 ,7,22,69.11( 280),,0,,1,|,,0   3,|   62.37  308 | ,62.98,299
 305,UMBC,=  62.66 ,7,23,71.36( 190),,0,,1,|,,0   1,|   63.07  300 | ,62.13,313
 306,East Tennessee St,ate    =  62.65 ,9,22,71.93( 170),,0,,2,|,,0   4,|   63.81  292 | ,61.19,316
 307,Navy,=  62.62 ,7,23,70.03( 253),,0,,0,|,,0   0,|   62.76  302 | ,62.38,307
 308,Eastern Washingto,n      =  62.52 ,10,21,67.65( 321),,0,,1,|,,0   1,|   62.00  310 | ,62.9,302
 309,Chattanooga,=  62.37 ,11,19,67.46( 324),,0,,1,|,,0   1,|   61.61  314 | ,62.95,300
 310,Montana State,=  62.33 ,11,17,66.36( 338),,0,,0,|,,0   0,|   61.79  312 | ,62.72,305
FINAL,College Basketball,2012-2013    Div I,ga,mes,only   through,201,3,Ap,ril,,8 Mo,nday -,NCAA Championship,,
 ,, RATING ,W,L,SCHEDL(RANK),VS,t,op,25,|,VS,top 50,| ELO_SCORE    | PR,EDICT,OR  
 , HOME A,DVANTAGE=[  3.51],,,,,,,,,,,[  3.47]       [ ,3.52],
 311,Southern Utah,=  61.99 ,9,20,68.05( 307),,0,,1,|,,0   1,|   61.99  311 | ,61.88,314
 312,Coppin State,=  61.91 ,7,24,70.36( 242),,0,,1,|,,0   2,|   61.56  315 | ,62.14,312
 313,Austin Peay,=  61.89 ,6,23,69.64( 265),,0,,0,|,,0   2,|   61.45  316 | ,62.19,311
 314,Portland State,=  61.83 ,6,20,67.53( 322),,0,,1,|,,0   2,|   60.53  323 | ,62.8,304
 315,UC Riverside,=  61.75 ,4,24,71.57( 182),,0,,0,|,,0   0,|   62.48  306 | ,60.83,320
 316,Texas-Pan America,n      =  61.74 ,12,16,65.98( 341),,0,,0,|,,0   1,|   62.40  307 | ,60.91,318
 317,Texas A&M-CorpusC,hristi =  61.57 ,5,23,70.81( 224),,0,,0,|,,0   1,|   60.60  321 | ,62.31,309
 318,Omaha(Neb.-Omaha),=  61.44 ,10,19,70.00( 256),,0,,2,|,,0   2,|   62.63  303 | ,59.9,324
 319,Kansas City(UMKC),=  61.21 ,7,24,70.99( 213),,0,,3,|,,0   4,|   61.68  313 | ,60.59,322
 320,Jackson State,=  61.10 ,11,18,65.52( 344),,0,,1,|,,0   2,|   60.92  318 | ,61.17,317
FINAL,College Basketball,2012-2013    Div I,ga,mes,only   through,201,3,Ap,ril,,8 Mo,nday -,NCAA Championship,,
 ,, RATING ,W,L,SCHEDL(RANK),VS,t,op,25,|,VS,top 50,| ELO_SCORE    | PR,EDICT,OR  
 , HOME A,DVANTAGE=[  3.51],,,,,,,,,,,[  3.47]       [ ,3.52],
 321,Northern Illinois,=  60.80 ,4,25,71.24( 197),,0,,0,|,,0   0,|   60.83  319 | ,60.67,321
 322,Rice,=  60.65 ,4,25,72.80( 151),,0,,0,|,,0   2,|   59.89  327 | ,61.21,315
 323,Houston Baptist,=  60.54 ,11,17,66.19( 339),,0,,1,|,,0   1,|   61.34  317 | ,59.54,328
 324,Prairie View A&M,=  60.03 ,12,19,64.84( 346),,0,,0,|,,0   1,|   60.17  324 | ,59.78,325
 325,Louisiana-Monroe,=  59.84 ,4,23,71.75( 174),,0,,0,|,,0   2,|   59.94  326 | ,59.64,326
 326,Saint Francis-Pa.,=  59.83 ,5,24,70.58( 232),,0,,0,|,,0   1,|   60.03  325 | ,59.52,329
 327,Alcorn State,=  59.80 ,9,23,67.67( 319),,0,,1,|,,0   3,|   58.33  333 | ,60.86,319
 328,Idaho State,=  59.75 ,5,24,68.75( 291),,0,,1,|,,0   1,|   58.86  330 | ,60.41,323
 329,Howard,=  59.55 ,6,23,68.46( 298),,0,,2,|,,0   3,|   59.43  328 | ,59.55,327
 330,Fairleigh Dickins,on     =  59.50 ,7,24,70.05( 251),,0,,1,|,,0   1,|   60.82  320 | ,57.7,334
FINAL,College Basketball,2012-2013    Div I,ga,mes,only   through,201,3,Ap,ril,,8 Mo,nday -,NCAA Championship,,
 ,, RATING ,W,L,SCHEDL(RANK),VS,t,op,25,|,VS,top 50,| ELO_SCORE    | PR,EDICT,OR  
 , HOME A,DVANTAGE=[  3.51],,,,,,,,,,,[  3.47]       [ ,3.52],
 331,Florida A&M,=  59.15 ,6,23,69.38( 273),,0,,0,|,,0   0,|   58.75  331 | ,59.41,330
 332,IUPUI,=  58.67 ,4,26,71.14( 206),,0,,1,|,,0   2,|   58.44  332 | ,58.77,332
 333,Tennessee-Martin,=  58.65 ,7,21,69.60( 266),,0,,1,|,,0   4,|   58.93  329 | ,58.26,333
 334,Kennesaw State,=  58.01 ,3,27,69.68( 264),,0,,1,|,,0   2,|   56.38  338 | ,59.12,331
 335,Alabama State,=  57.72 ,9,22,65.61( 343),,0,,1,|,,0   2,|   57.70  335 | ,57.63,335
 336,The Citadel,=  57.62 ,6,22,67.86( 311),,0,,0,|,,0   0,|   57.70  334 | ,57.44,336
 337,Alabama A&M,=  56.98 ,9,20,65.69( 342),,0,,1,|,,0   1,|   56.52  337 | ,57.29,337
 338,Presbyterian Coll,ege    =  56.75 ,5,24,68.54( 295),,0,,2,|,,0   2,|   56.19  339 | ,57.14,338
 339,Longwood,=  56.51 ,6,25,68.20( 305),,0,,3,|,,0   3,|   56.64  336 | ,56.26,342
 340,SC State,=  56.27 ,4,24,68.93( 288),,0,,0,|,,0   2,|   55.78  342 | ,56.61,339
FINAL,College Basketball,2012-2013    Div I,ga,mes,only   through,201,3,Ap,ril,,8 Mo,nday -,NCAA Championship,,
 ,, RATING ,W,L,SCHEDL(RANK),VS,t,op,25,|,VS,top 50,| ELO_SCORE    | PR,EDICT,OR  
 , HOME A,DVANTAGE=[  3.51],,,,,,,,,,,[  3.47]       [ ,3.52],
 341,Furman,=  56.26 ,5,24,68.26( 304),,0,,0,|,,0   0,|   55.87  341 | ,56.51,340
 342,Binghamton-NY,=  56.17 ,2,27,70.91( 221),,0,,1,|,,0   1,|   56.18  340 | ,56.04,343
 343,MVSU(Miss. Valley,St.)  =  56.01 ,5,23,66.63( 336),,0,,0,|,,0   3,|   55.37  345 | ,56.46,341
 344,Md.-Eastern Shore,(UMES) =  55.77 ,2,26,69.50( 269),,0,,0,|,,0   2,|   55.64  343 | ,55.78,344
 345,New Orleans,=  54.91 ,4,18,67.96( 310),,0,,0,|,,0   1,|   55.49  344 | ,54.15,346
 346,Lamar,=  54.40 ,3,28,70.91( 222),,0,,0,|,,0   3,|   53.94  346 | ,54.69,345
 347,Grambling State,=  41.57 ,0,28,66.13( 340),,0,,0,|,,0   0,|   39.25  347 | ,42.61,347
