   1,Kentucky,= 100.57; ,34,0,79.29(  33),6,0,|,,17   0  | ,99.5,1 |   99.99,1 |  102.99
   2,Wisconsin,=  95.26 ,31,3,79.94(  19),5,1,|,,10   2  | ,95.26,2 |   95.50,2 |   94.68
   3,Virginia,=  94.92 ,29,3,78.97(  39),3,3,|,,9   3  | ,94.56,3 |   94.47,4 |   95.53
   4,Arizona,=  94.55 ,31,3,77.88(  55),3,0,|,,11   0  | ,94.4,4 |   94.70,3 |   94.16
   5,Villanova,=  94.41 ,32,2,79.06(  38),6,1,|,,12   1  | ,94.24,5 |   93.36,6 |   95.93
   6,Duke,=  94.38 ,29,4,79.96(  18),7,2,|,,10   4  | ,93.9,6 |   93.69,5 |   95.57
   7,Gonzaga,=  92.66 ,31,2,74.77(  93),0,1,|,,6   2  | ,92.61,7 |   91.82,8 |   93.56
   8,Iowa State,=  90.14 ,25,8,82.05(   3),10,4,|,,13   5  | ,91.05,9 |   89.44,13 |   89.91
   9,Kansas,=  90.01 ,26,8,83.28(   1),11,5,|,,13   6  | ,90.16,11 |   89.20,14 |   90.61
  10,Notre Dame,=  89.87 ,29,5,77.70(  63),6,2,|,,10   3  | ,88.84,15 |   88.95,15 |   92.48
Colleg,e Basketball 2014-2015,Div I games,onl,y  t,hrough games of,2015,Ma,rch,1,8 Wednesday,,, 
 ,, RATING ,W,L,SCHEDL(RANK) V,S top,25,|,VS,top 50 | GO,LDEN;_M,EAN  | PREDICTO,R;    | ELO;_SCOR
 , HOME ADVANT,AGE=[  3.34],,,,,,,,[ ,3.25],[  3.30],[  3.47]
  11,North Carolina,=  89.86 ,24,11,82.05(   4),4,8,|,,9  10  | ,90.78,10 |   90.94,9 |   88.03
  12,Utah,=  89.71 ,23,8,78.22(  52),1,3,|,,5   7  | ,91.19,8 |   92.04,7 |   87.02
  13,Oklahoma,=  89.32 ,22,10,82.08(   2),7,6,|,,11   6  | ,89.04,13 |   90.26,10 |   88.33
  14,Baylor,=  89.20 ,23,9,81.66(   6),7,5,|,,10   7  | ,89.63,12 |   89.46,12 |   88.27
  15,Louisville,=  88.33 ,24,8,79.63(  23),3,6,|,,6   7  | ,88,18 |   88.69,16 |   87.90
  16,Wichita State,=  87.55 ,27,4,74.20( 108),1,2,|,,1   2  | ,86.75,21 |   87.43,19 |   88.18
  17,Michigan State,=  87.55 ,23,11,79.62(  25),2,5,|,,7   7  | ,88.49,16 |   87.73,17 |   86.33
  18,Ohio State,=  87.33 ,23,10,77.78(  58),0,5,|,,3   9  | ,88.98,14 |   89.87,11 |   84.31
  19,West Virginia,=  87.09 ,23,9,80.11(  16),3,8,|,,6   9  | ,87.95,19 |   86.52,21 |   86.73
  20,Butler,=  86.90 ,22,10,80.01(  17),3,7,|,,6   9  | ,87.75,20 |   86.98,20 |   85.83
Colleg,e Basketball 2014-2015,Div I games,onl,y  t,hrough games of,2015,Ma,rch,1,8 Wednesday,,, 
 ,, RATING ,W,L,SCHEDL(RANK) V,S top,25,|,VS,top 50 | GO,LDEN;_M,EAN  | PREDICTO,R;    | ELO;_SCOR
 , HOME ADVANT,AGE=[  3.34],,,,,,,,[ ,3.25],[  3.30],[  3.47]
  21,Texas,=  86.78 ,20,13,80.79(  10),2  1,0,|,,3  13  | ,88.26,17 |   87.72,18 |   84.66
  22,Northern Iowa,=  86.03 ,30,3,73.41( 128),1,1,|,,3   2  | ,84.16,33 |   85.21,26 |   90.00
  23,Georgetown,=  85.97 ,21,10,80.84(   9),3,7,|,,6  10  | ,85.57,24 |   86.13,22 |   85.81
  24,Arkansas,=  85.89 ,26,8,77.63(  66),0,3,|,,7   6  | ,85.41,26 |   85.26,25 |   86.87
  25,Xavier-Ohio,=  85.55 ,21,13,80.35(  15),5,4,|,,7   7  | ,86.01,23 |   85.81,24 |   84.55
  26,Providence,=  85.50 ,22,11,80.59(  12),5,6,|,,7   8  | ,85.52,25 |   84.64,27 |   86.28
  27,Maryland,=  85.49 ,27,6,78.53(  49),4,3,|,,8   5  | ,84.52,30 |   84.24,32 |   88.44
  28,Iowa,=  85.48 ,21,11,79.37(  30),3,6,|,,5   7  | ,86.03,22 |   86.08,23 |   84.11
  29,Davidson,=  84.84 ,23,7,75.02(  89),0,2,|,,2   4  | ,84.98,28 |   84.45,29 |   84.82
  30,SMU,=  84.72 ,26,6,74.68(  97),0,2,|,,0   3  | ,83.75,34 |   84.32,31 |   85.95
Colleg,e Basketball 2014-2015,Div I games,onl,y  t,hrough games of,2015,Ma,rch,1,8 Wednesday,,, 
 ,, RATING ,W,L,SCHEDL(RANK) V,S top,25,|,VS,top 50 | GO,LDEN;_M,EAN  | PREDICTO,R;    | ELO;_SCOR
 , HOME ADVANT,AGE=[  3.34],,,,,,,,[ ,3.25],[  3.30],[  3.47]
  31,VCU(Va. Commonwealth),=  84.52 ,26,9,77.75(  60),1,2,|,,5   4  | ,83.33,37 |   84.09,34 |   86.12
  32,Oklahoma State,=  84.12 ,17,13,81.62(   7),5,8,|,,5   9  | ,84.36,31 |   84.34,30 |   83.31
  33,NC State,=  83.99 ,20,13,79.54(  27),3,6,|,,3   8  | ,84.87,29 |   84.11,33 |   82.81
  34,Purdue,=  83.84 ,21,12,78.84(  42),1,5,|,,6   7  | ,85.09,27 |   83.78,37 |   82.61
  35,Georgia,=  83.77 ,21,11,79.47(  29),0,5,|,,6   6  | ,83.32,38 |   83.65,38 |   83.99
  36,San Diego State,=  83.35 ,25,8,74.67(  98),1,1,|,,2   1  | ,82.91,44 |   83.82,36 |   82.89
  37,St. John's,=  83.21 ,20,11,79.92(  20),3,7,|,,5   8  | ,82.57,48 |   82.58,46 |   84.38
  38,Mississippi,=  83.08 ,21,12,78.24(  51),1,2,|,,6   8  | ,82.99,43 |   83.23,39 |   82.63
  39,Florida,=  82.98 ,16,17,80.69(  11),1,6,|,,3  14  | ,84.27,32 |   84.46,28 |   80.37
  40,Indiana,=  82.90 ,20,13,78.66(  45),2,6,|,,4  11  | ,83.32,40 |   82.99,41 |   82.09
Colleg,e Basketball 2014-2015,Div I games,onl,y  t,hrough games of,2015,Ma,rch,1,8 Wednesday,,, 
 ,, RATING ,W,L,SCHEDL(RANK) V,S top,25,|,VS,top 50 | GO,LDEN;_M,EAN  | PREDICTO,R;    | ELO;_SCOR
 , HOME ADVANT,AGE=[  3.34],,,,,,,,[ ,3.25],[  3.30],[  3.47]
  41,LSU,=  82.87 ,22,10,77.13(  71),2,1,|,,8   3  | ,82.72,45 |   82.36,48 |   83.30
  42,Miami-Florida,=  82.82 ,22,12,77.73(  61),1,6,|,,3   7  | ,83.3,41 |   82.77,44 |   82.12
  43,Stephen F. Austin,=  82.75 ,26,4,69.12( 288),0,3,|,,0   3  | ,81.6,55 |   82.00,54 |   84.78
  44,BYU,=  82.67 ,23,10,75.51(  85),1,3,|,,2   6  | ,83.32,39 |   83.92,35 |   80.62
  45,Vanderbilt,=  82.64 ,19,13,77.50(  69),0,3,|,,3   8  | ,83.36,35 |   83.16,40 |   81.18
  46,Stanford,=  82.58 ,20,13,77.79(  57),1,5,|,,1   9  | ,82.7,46 |   82.87,42 |   81.79
  47,Oregon,=  82.42 ,24,9,77.78(  59),2,3,|,,4   6  | ,81.65,54 |   81.27,59 |   84.63
  48,Dayton,=  82.35 ,26,8,75.25(  86),0,1,|,,3   3  | ,81.03,57 |   82.08,53 |   83.81
  49,UCLA,=  82.32 ,20,13,78.58(  47),1,7,|,,4   8  | ,82.57,47 |   81.78,56 |   82.38
  50,Texas A&M;,=  82.30 ,21,11,77.23(  70),0,3,|,,4   7  | ,82.05,51 |   82.34,50 |   82.11
Colleg,e Basketball 2014-2015,Div I games,onl,y  t,hrough games of,2015,Ma,rch,1,8 Wednesday,,, 
 ,, RATING ,W,L,SCHEDL(RANK) V,S top,25,|,VS,top 50 | GO,LDEN;_M,EAN  | PREDICTO,R;    | ELO;_SCOR
 , HOME ADVANT,AGE=[  3.34],,,,,,,,[ ,3.25],[  3.30],[  3.47]
  51,TCU,=  82.21 ,18,15,78.68(  44),0  1,3,|,,2  14  | ,83.24,42 |   82.52,47 |   80.72
  52,Alabama,=  81.90 ,18,14,79.06(  37),0,6,|,,3  13  | ,81.85,52 |   82.26,51 |   81.20
  53,Cincinnati,=  81.90 ,22,10,74.82(  92),0,1,|,,4   3  | ,82.21,49 |   81.91,55 |   81.26
  54,Syracuse,=  81.90 ,18,13,78.42(  50),2,5,|,,3   8  | ,82.15,50 |   82.64,45 |   80.55
  55,Minnesota,=  81.85 ,17,15,78.68(  43),1,5,|,,4  10  | ,83.35,36 |   82.78,43 |   79.48
  56,Boise State,=  81.80 ,23,9,73.63( 123),0,1,|,,2   3  | ,81.56,56 |   82.35,49 |   81.06
  57,Illinois,=  81.45 ,19,14,78.60(  46),2,4,|,,4   9  | ,81.66,53 |   82.21,52 |   80.11
  58,Rhode Island,=  81.33 ,22,9,74.47( 101),0,1,|,,0   6  | ,80.67,59 |   81.36,58 |   81.58
  59,Buffalo,=  80.73 ,23,9,73.82( 118),0,2,|,,0   2  | ,80.47,62 |   80.76,60 |   80.58
  60,South Carolina,=  80.67 ,16,16,79.58(  26),1,5,|,,5  11  | ,80.59,60 |   81.55,57 |   79.42
Colleg,e Basketball 2014-2015,Div I games,onl,y  t,hrough games of,2015,Ma,rch,1,8 Wednesday,,, 
 ,, RATING ,W,L,SCHEDL(RANK) V,S top,25,|,VS,top 50 | GO,LDEN;_M,EAN  | PREDICTO,R;    | ELO;_SCOR
 , HOME ADVANT,AGE=[  3.34],,,,,,,,[ ,3.25],[  3.30],[  3.47]
  61,George Washington,=  80.43 ,22,12,75.52(  84),1,1,|,,2   5  | ,79.69,68 |   80.47,62 |   80.76
  62,Old Dominion,=  80.41 ,25,7,71.54( 177),0,0,|,,2   0  | ,80.53,61 |   80.15,65 |   80.24
  63,Murray State,=  80.40 ,26,5,70.07( 239),0,1,|,,0   1  | ,79.63,70 |   79.73,67 |   81.72
  64,Arizona State,=  80.39 ,18,15,77.71(  62),1,3,|,,3   8  | ,79.82,66 |   80.74,61 |   80.16
  65,Illinois State,=  80.27 ,21,12,74.76(  95),1,5,|,,1   6  | ,79.45,71 |   80.35,64 |   80.60
  66,Richmond,=  80.17 ,20,13,75.64(  83),0,1,|,,3   5  | ,79.64,69 |   80.43,63 |   80.00
  67,Colorado State,=  80.09 ,26,7,72.94( 140),0,0,|,,1   2  | ,79.9,65 |   79.63,68 |   80.48
  68,Valparaiso,=  79.87 ,25,5,70.89( 201),0,0,|,,0   0  | ,78.84,76 |   79.36,70 |   81.25
  69,Michigan,=  79.78 ,15,16,80.53(  13),1,7,|,,2  12  | ,79.73,67 |   79.80,66 |   79.45
  70,Kansas State,=  79.77 ,15,17,81.77(   5),5,8,|,,8  10  | ,80.14,63 |   79.20,73 |   79.75
Colleg,e Basketball 2014-2015,Div I games,onl,y  t,hrough games of,2015,Ma,rch,1,8 Wednesday,,, 
 ,, RATING ,W,L,SCHEDL(RANK) V,S top,25,|,VS,top 50 | GO,LDEN;_M,EAN  | PREDICTO,R;    | ELO;_SCOR
 , HOME ADVANT,AGE=[  3.34],,,,,,,,[ ,3.25],[  3.30],[  3.47]
  71,Seton Hall,=  79.76 ,16,15,79.28(  34),2,7,|,,3  11  | ,80.77,58 |   78.98,75 |   79.45
  72,Tulsa,=  79.45 ,23,9,74.22( 107),0,2,|,,0   5  | ,78.22,81 |   79.08,74 |   80.86
  73,Louisiana Tech,=  79.33 ,25,8,71.11( 195),0,0,|,,0   1  | ,78.86,75 |   78.91,77 |   79.94
  74,Temple,=  79.30 ,24,10,74.41( 102),1,2,|,,1   5  | ,77.7,92 |   78.67,80 |   81.61
  75,Georgia State,=  79.21 ,23,9,70.94( 199),0,1,|,,0   1  | ,79.41,72 |   79.38,69 |   78.47
  76,Saint Mary's-Cal.,=  79.13 ,20,10,74.33( 103),0,2,|,,1   5  | ,79.95,64 |   79.20,72 |   77.98
  77,Connecticut,=  78.81 ,20,15,75.83(  82),0,3,|,,3   6  | ,78.37,79 |   79.28,71 |   78.30
  78,Green Bay,=  78.72 ,22,9,72.55( 151),0,1,|,,1   1  | ,77.91,86 |   78.74,78 |   79.13
  79,Penn State,=  78.67 ,18,16,77.81(  56),0,5,|,,1  11  | ,79.09,74 |   78.73,79 |   77.86
  80,Pittsburgh,=  78.58 ,18,15,78.09(  53),2,4,|,,2   9  | ,78.23,80 |   78.96,76 |   78.09
Colleg,e Basketball 2014-2015,Div I games,onl,y  t,hrough games of,2015,Ma,rch,1,8 Wednesday,,, 
 ,, RATING ,W,L,SCHEDL(RANK) V,S top,25,|,VS,top 50 | GO,LDEN;_M,EAN  | PREDICTO,R;    | ELO;_SCOR
 , HOME ADVANT,AGE=[  3.34],,,,,,,,[ ,3.25],[  3.30],[  3.47]
  81,Tennessee,=  78.45 ,16,16,79.73(  22),2,4,|,,5  12  | ,77.9,87 |   78.14,84 |   79.02
  82,Creighton,=  78.35 ,14,19,79.49(  28),2,8,|,,3  12  | ,79.18,73 |   78.33,82 |   77.27  1
  83,Clemson,=  78.27 ,16,15,78.04(  54),1,6,|,,3   8  | ,77.89,89 |   78.20,83 |   78.37
  84,Harvard,=  78.21 ,20,7,71.87( 169),0,1,|,,0   1  | ,77.89,88 |   77.41,94 |   79.17
  85,Yale,=  78.01 ,20,10,73.06( 138),0,0,|,,0   3  | ,77.84,90 |   77.65,92 |   78.24
  86,Memphis,=  78.00 ,18,14,74.24( 106),0,3,|,,0   7  | ,78.08,84 |   78.45,81 |   77.06  1
  87,Marquette,=  77.99 ,13,19,80.92(   8),0  1,2,|,,1  15  | ,78.64,77 |   77.70,90 |   77.37
  88,Central Michigan,=  77.98 ,20,9,72.08( 166),0,0,|,,0   0  | ,77.68,93 |   78.11,85 |   77.73
  89,Sam Houston State,=  77.97 ,22,8,68.29( 321),0,0,|,,0   5  | ,77.58,95 |   77.82,88 |   78.16
  90,South Dakota State,=  77.86 ,22,10,69.96( 242),0,2,|,,0   2  | ,78.13,83 |   77.93,87 |   77.17  1
Colleg,e Basketball 2014-2015,Div I games,onl,y  t,hrough games of,2015,Ma,rch,1,8 Wednesday,,, 
 ,, RATING ,W,L,SCHEDL(RANK) V,S top,25,|,VS,top 50 | GO,LDEN;_M,EAN  | PREDICTO,R;    | ELO;_SCOR
 , HOME ADVANT,AGE=[  3.34],,,,,,,,[ ,3.25],[  3.30],[  3.47]
  91,Colorado,=  77.83 ,16,17,77.53(  68),0,4,|,,2   8  | ,77.4,98 |   77.95,86 |   77.73
  92,Florida State,=  77.72 ,17,16,77.58(  67),0,6,|,,2   9  | ,78.53,78 |   77.04,99 |   77.44
  93,Wofford,=  77.68 ,26,6,69.59( 266),0,2,|,,1   3  | ,76.17,112 |   76.40,111 |   80.83
  94,Toledo,=  77.59 ,20,13,73.43( 127),0,1,|,,0   3  | ,77.62,94 |   77.68,91 |   77.10  1
  95,Bowling Green,=  77.33 ,21,10,71.78( 171),0,0,|,,0   1  | ,77.26,99 |   76.91,100 |   77.54
  96,Georgia Tech,=  77.12 ,12,19,79.29(  32),0,7,|,,3   9  | ,77.43,97 |   77.77,89 |   75.72  1
  97,Northwestern,=  77.06 ,15,17,78.55(  48),0,7,|,,2  11  | ,77.58,96 |   76.83,103 |   76.50  1
  98,California,=  77.06 ,18,15,77.10(  72),0,6,|,,1  10  | ,76.41,108 |   76.07,117 |   78.64
  99,UTEP,=  77.01 ,22,11,72.07( 167),1,1,|,,1   1  | ,76.48,107 |   77.12,97 |   77.01  1
 100;,UC Irvine,=  76.94 ,19,12,72.66( 145),0,1,|,,0   2  | ,78.21,82 |   76.41,110 |   76.09
Colleg,e Basketball 2014-2015,Div I games,onl,y  t,hrough games of,2015,Ma,rch,1,8 Wednesday,,, 
 ,, RATING ,W,L,SCHEDL(RANK) V,S top,25,|,VS,top 50 | GO,LDEN;_M,EAN  | PREDICTO,R;    | ELO;_SCOR
 , HOME ADVANT,AGE=[  3.34],,,,,,,,[ ,3.25],[  3.30],[  3.47]
 101;,Wyoming,=  76.92 ,23,9,72.12( 165),0,0,|,,1   3  | ,75.28,126 |   76.34,112 |   79.06
 102;,New Mexico State,=  76.87 ,21,10,68.51( 316),0,2,|,,0   2  | ,77.92,85 |   77.37,95 |   75.03
 103;,Washington,=  76.80 ,16,15,76.77(  77),2,2,|,,4   7  | ,75.99,116 |   76.65,104 |   77.41
 104;,UNLV,=  76.80 ,17,15,75.02(  90),1,2,|,,1   6  | ,76.68,104 |   77.15,96 |   76.12
 105;,La Salle,=  76.77 ,17,16,75.91(  81),0,2,|,,2   6  | ,76.62,106 |   76.84,102 |   76.45
 106;,Nebraska,=  76.77 ,13,18,79.08(  36),1,3,|,,1   9  | ,77.79,91 |   76.52,107 |   75.78
 107;,Oregon State,=  76.67 ,16,14,76.78(  76),1,2,|,,2   7  | ,75.31,125 |   76.65,105 |   77.69
 108;,St. Bonaventure,=  76.63 ,18,13,73.53( 124),0,0,|,,2   3  | ,77.11,101 |   76.02,118 |   76.56
 109;,NC Central,=  76.61 ,22,8,65.74( 348),0,1,|,,0   3  | ,76.99,103 |   76.26,114 |   76.30
 110;,Cleveland State,=  76.48 ,17,14,72.58( 149),0,2,|,,0   3  | ,75.58,120 |   77.56,93 |   75.74
Colleg,e Basketball 2014-2015,Div I games,onl,y  t,hrough games of,2015,Ma,rch,1,8 Wednesday,,, 
 ,, RATING ,W,L,SCHEDL(RANK) V,S top,25,|,VS,top 50 | GO,LDEN;_M,EAN  | PREDICTO,R;    | ELO;_SCOR
 , HOME ADVANT,AGE=[  3.34],,,,,,,,[ ,3.25],[  3.30],[  3.47]
 111;,Boston College,=  76.48 ,13,19,79.24(  35),0,8,|,,2  11  | ,76.33,110 |   76.85,101 |   75.82
 112;,Iona,=  76.46 ,26,9,70.75( 210),0,1,|,,0   1  | ,75,127 |   76.60,106 |   77.37
 113;,UC Davis,=  76.44 ,23,7,71.25( 189),0,0,|,,0   1  | ,75.38,124 |   75.65,120 |   78.19
 114;,Kent State,=  76.36 ,21,11,72.53( 152),0,1,|,,0   1  | ,75.5,121 |   75.95,119 |   77.36
 115;,Akron,=  76.32 ,20,14,72.64( 146),0,0,|,,0   1  | ,76.34,109 |   76.20,115 |   76.08
 116;,Massachusetts,=  76.29 ,17,15,76.53(  78),0,1,|,,1   6  | ,76.09,114 |   75.41,123 |   77.24
 117;,UC Santa Barbara,=  76.25 ,17,14,73.74( 120),0,1,|,,0   3  | ,77.18,100 |   76.32,113 |   74.96
 118;,William & Mary,=  76.20 ,18,13,72.04( 168),0,1,|,,0   2  | ,77,102 |   76.50,108 |   74.75
 119;,Wake Forest,=  75.75 ,13,19,78.95(  41),0,8,|,,2  10  | ,76.26,111 |   75.63,121 |   75.03
 120;,Eastern Washington,=  75.64 ,23,8,69.68( 262),0,0,|,,1   1  | ,74.86,129 |   74.51,134 |   77.53
Colleg,e Basketball 2014-2015,Div I games,onl,y  t,hrough games of,2015,Ma,rch,1,8 Wednesday,,, 
 ,, RATING ,W,L,SCHEDL(RANK) V,S top,25,|,VS,top 50 | GO,LDEN;_M,EAN  | PREDICTO,R;    | ELO;_SCOR
 , HOME ADVANT,AGE=[  3.34],,,,,,,,[ ,3.25],[  3.30],[  3.47]
 121;,San Diego,=  75.50 ,14,16,75.18(  88),0,3,|,,1   6  | ,76,115 |   76.49,109 |   73.51
 122;,Northeastern,=  75.35 ,23,11,71.20( 193),0,0,|,,0   0  | ,74.91,128 |   74.96,126 |   75.90
 123;,Louisiana-Lafayette,=  75.33 ,18,13,70.51( 222),0,0,|,,0   0  | ,75.78,117 |   75.48,122 |   74.37
 124;,Evansville,=  75.24 ,19,12,72.31( 160),1,3,|,,1   3  | ,74.55,132 |   74.53,133 |   76.46
 125;,Hofstra,=  75.17 ,20,14,69.27( 283),0,0,|,,0   1  | ,76.14,113 |   77.11,98 |   71.73
 126;,DePaul,=  75.13 ,12,20,78.97(  40),1,7,|,,3  10  | ,76.65,105 |   74.40,136 |   74.27
 127;,Texas Tech,=  75.05 ,13,19,79.62(  24),1,12,|,,2  14  | ,75.47,122 |   74.42,135 |   75.05
 128;,Hawai'i,=  75.04 ,20,13,71.51( 179),0,1,|,,0   2  | ,75.62,118 |   74.67,129 |   74.58
 129;,Loyola-Chicago,=  74.98 ,18,13,73.23( 134),0,6,|,,0   6  | ,74.14,138 |   74.36,138 |   76.23
 130;,Auburn,=  74.94 ,14,20,79.30(  31),1,3,|,,5  10  | ,74,141 |   74.62,130 |   75.89
Colleg,e Basketball 2014-2015,Div I games,onl,y  t,hrough games of,2015,Ma,rch,1,8 Wednesday,,, 
 ,, RATING ,W,L,SCHEDL(RANK) V,S top,25,|,VS,top 50 | GO,LDEN;_M,EAN  | PREDICTO,R;    | ELO;_SCOR
 , HOME ADVANT,AGE=[  3.34],,,,,,,,[ ,3.25],[  3.30],[  3.47]
 131;,Vermont,=  74.91 ,18,13,68.89( 301),0,0,|,,0   0  | ,75.46,123 |   76.09,116 |   72.67
 132;,Albany-NY,=  74.87 ,24,8,68.43( 318),0,0,|,,0   1  | ,74.26,135 |   73.72,144 |   76.59
 133;,Utah State,=  74.87 ,17,13,72.80( 142),0,0,|,,0   2  | ,74.05,140 |   75.34,124 |   74.73
 134;,Pepperdine,=  74.84 ,17,14,73.83( 117),0,3,|,,2   4  | ,75.59,119 |   74.89,127 |   73.70
 135;,Stony Brook-NY,=  74.42 ,21,12,70.29( 229),0,0,|,,0   2  | ,74.74,130 |   74.27,140 |   73.93
 136;,Long Beach State,=  74.40 ,14,17,76.82(  75),1,3,|,,1   8  | ,73.85,142 |   74.39,137 |   74.56
 137;,Western Kentucky,=  74.33 ,18,12,72.34( 158),0,1,|,,1   1  | ,73.41,148 |   73.88,142 |   75.42
 138;,New Mexico,=  74.24 ,15,16,73.65( 122),0,0,|,,0   3  | ,74.1,139 |   75.01,125 |   73.06
 139;,Eastern Michigan,=  74.22 ,17,14,72.78( 143),0,1,|,,0   2  | ,73.56,145 |   74.60,131 |   74.01
 140;,Coastal Carolina,=  74.18 ,20,9,67.71( 333),0,0,|,,0   2  | ,73.76,144 |   73.56,147 |   74.99
Colleg,e Basketball 2014-2015,Div I games,onl,y  t,hrough games of,2015,Ma,rch,1,8 Wednesday,,, 
 ,, RATING ,W,L,SCHEDL(RANK) V,S top,25,|,VS,top 50 | GO,LDEN;_M,EAN  | PREDICTO,R;    | ELO;_SCOR
 , HOME ADVANT,AGE=[  3.34],,,,,,,,[ ,3.25],[  3.30],[  3.47]
 141;,Georgia Southern,=  74.10 ,19,9,69.44( 276),0,0,|,,0   0  | ,73.45,146 |   73.61,145 |   74.99
 142;,Eastern Kentucky,=  73.98 ,18,11,69.09( 290),0,1,|,,1   2  | ,73.28,149 |   74.30,139 |   73.91
 143;,San Francisco,=  73.88 ,13,18,74.15( 109),0,3,|,,0   5  | ,74.7,131 |   74.83,128 |   71.58
 144;,Charlotte,=  73.85 ,14,18,73.46( 126),0,1,|,,0   4  | ,74.44,134 |   74.54,132 |   72.09
 145;,UAB,=  73.83 ,18,15,72.61( 147),0,2,|,,0   5  | ,72.91,154 |   73.79,143 |   74.42
 146;,Portland,=  73.82 ,15,16,74.09( 111),0,2,|,,0   5  | ,74.54,133 |   74.25,141 |   72.25
 147;,Belmont,=  73.80 ,21,10,69.71( 261),0,1,|,,0   2  | ,72.78,155 |   73.43,148 |   74.89
 148;,Mississippi State,=  73.77 ,12,19,76.87(  74),0,3,|,,2   9  | ,74.16,137 |   73.60,146 |   73.25
 149;,Southern California,=  73.70 ,12,20,77.08(  73),0,3,|,,0  10  | ,74.23,136 |   73.21,149 |   73.43
 150;,North Dakota State,=  73.45 ,21,9,69.62( 265),0,1,|,,0   2  | ,72.55,158 |   72.20,160 |   75.55
Colleg,e Basketball 2014-2015,Div I games,onl,y  t,hrough games of,2015,Ma,rch,1,8 Wednesday,,, 
 ,, RATING ,W,L,SCHEDL(RANK) V,S top,25,|,VS,top 50 | GO,LDEN;_M,EAN  | PREDICTO,R;    | ELO;_SCOR
 , HOME ADVANT,AGE=[  3.34],,,,,,,,[ ,3.25],[  3.30],[  3.47]
 151;,High Point,=  73.21 ,20,9,69.83( 252),0,1,|,,0   1  | ,71.27,178 |   72.22,159 |   76.03
 152;,North Florida(UNF),=  73.09 ,20,12,67.72( 331),0,1,|,,1   2  | ,73.44,147 |   73.15,150 |   72.31
 153;,Canisius,=  72.96 ,17,14,70.10( 236),0,0,|,,0   0  | ,73.81,143 |   72.97,153 |   71.77
 154;,Western Michigan,=  72.94 ,18,14,73.35( 130),0,0,|,,0   0  | ,72.58,157 |   72.12,162 |   73.95
 155;,Chattanooga,=  72.69 ,20,10,68.88( 303),0,2,|,,0   3  | ,71.76,171 |   71.86,167 |   74.25
 156;,St. Francis-NY,=  72.68 ,22,12,67.88( 327),0,1,|,,0   1  | ,72.98,153 |   72.06,163 |   72.78
 157;,Montana,=  72.61 ,18,13,70.21( 231),0,0,|,,0   2  | ,72.41,160 |   72.34,157 |   72.74
 158;,Washington State,=  72.56 ,13,18,77.69(  64),0,4,|,,2   7  | ,71.77,170 |   71.33,176 |   74.48
 159;,Middle Tennessee,=  72.55 ,18,17,72.83( 141),0,0,|,,0   1  | ,71.89,167 |   72.60,154 |   72.76
 160;,Rider,=  72.45 ,21,12,69.89( 246),0,2,|,,0   2  | ,71.66,173 |   72.03,164 |   73.35
Colleg,e Basketball 2014-2015,Div I games,onl,y  t,hrough games of,2015,Ma,rch,1,8 Wednesday,,, 
 ,, RATING ,W,L,SCHEDL(RANK) V,S top,25,|,VS,top 50 | GO,LDEN;_M,EAN  | PREDICTO,R;    | ELO;_SCOR
 , HOME ADVANT,AGE=[  3.34],,,,,,,,[ ,3.25],[  3.30],[  3.47]
 161;,Louisiana-Monroe,=  72.41 ,18,12,70.75( 211),0,0,|,,0   1  | ,71.95,165 |   71.55,170 |   73.55
 162;,Morehead State,=  72.39 ,15,17,70.56( 216),0,1,|,,0   1  | ,73.22,151 |   73.07,152 |   70.36
 163;,Radford,=  72.37 ,19,11,68.94( 298),0,1,|,,0   1  | ,71.13,179 |   71.38,175 |   74.43
 164;,Saint Joseph's-Pa.,=  72.35 ,13,18,74.77(  94),0,2,|,,1   4  | ,72.28,162 |   72.12,161 |   72.33
 165;,Columbia,=  72.31 ,12,15,71.32( 187),0,1,|,,0   1  | ,73.25,150 |   73.07,151 |   70.07
 166;,Cal Poly-SLO,=  72.29 ,11,16,73.89( 116),0,1,|,,0   1  | ,72.64,156 |   72.59,155 |   71.20
 167;,Virginia Tech,=  72.21 ,11,22,77.67(  65),0,8,|,,0  12  | ,72.99,152 |   72.45,156 |   70.76
 168;,USC Upstate,=  72.20 ,20,11,66.12( 345),0,0,|,,0   1  | ,72.45,159 |   71.91,166 |   71.93
 169;,Robert Morris,=  72.04 ,20,14,69.29( 282),0,2,|,,0   2  | ,72.28,161 |   70.92,189 |   72.83
 170;,Indiana State,=  72.03 ,14,16,73.11( 136),0,5,|,,0   5  | ,72.13,163 |   71.56,169 |   72.13
Colleg,e Basketball 2014-2015,Div I games,onl,y  t,hrough games of,2015,Ma,rch,1,8 Wednesday,,, 
 ,, RATING ,W,L,SCHEDL(RANK) V,S top,25,|,VS,top 50 | GO,LDEN;_M,EAN  | PREDICTO,R;    | ELO;_SCOR
 , HOME ADVANT,AGE=[  3.34],,,,,,,,[ ,3.25],[  3.30],[  3.47]
 171;,Princeton,=  72.00 ,15,14,70.83( 206),0,0,|,,0   0  | ,71.78,169 |   72.25,158 |   71.52
 172;,NJIT(New Jersey Tech),=  71.99 ,15,11,69.95( 243),0,1,|,,0   2  | ,71.72,172 |   70.98,186 |   73.11
 173;,Lafayette,=  71.92 ,19,12,69.81( 254),0,2,|,,0   2  | ,71.05,183 |   70.95,188 |   73.56
 174;,Missouri,=  71.87 ,8,23,80.40(  14),0,7,|,,2  14  | ,71.84,168 |   71.94,165 |   71.45
 175;,Oakland-Mich.,=  71.85 ,14,17,73.98( 113),0,3,|,,0   4  | ,71.6,174 |   71.79,168 |   71.81
 176;,Rutgers,=  71.82 ,10,22,79.74(  21),1,3,|,,2  10  | ,71.94,166 |   71.17,179 |   72.12
 177;,Tennessee-Martin,=  71.55 ,16,12,69.91( 244),0,1,|,,0   1  | ,71.13,180 |   71.38,174 |   71.80
 178;,Manhattan,=  71.52 ,19,14,69.84( 248),0,0,|,,0   0  | ,71.51,175 |   71.53,171 |   71.13
 179;,NC Wilmington,=  71.46 ,17,14,71.37( 184),0,1,|,,0   2  | ,71.06,182 |   71.31,177 |   71.65
 180;,Mercer,=  71.43 ,17,15,69.38( 279),0,0,|,,0   2  | ,71.37,177 |   71.51,172 |   71.00
Colleg,e Basketball 2014-2015,Div I games,onl,y  t,hrough games of,2015,Ma,rch,1,8 Wednesday,,, 
 ,, RATING ,W,L,SCHEDL(RANK) V,S top,25,|,VS,top 50 | GO,LDEN;_M,EAN  | PREDICTO,R;    | ELO;_SCOR
 , HOME ADVANT,AGE=[  3.34],,,,,,,,[ ,3.25],[  3.30],[  3.47]
 181;,Fort Wayne(IPFW),=  71.30 ,13,15,70.91( 200),0,0,|,,0   1  | ,72.08,164 |   70.72,191 |   70.88
 182;,Florida Gulf Coast,=  71.27 ,19,11,68.09( 324),0,1,|,,0   1  | ,70.72,192 |   71.04,184 |   71.71
 183;,Sacramento State,=  71.26 ,19,11,68.59( 314),0,1,|,,0   1  | ,70.14,202 |   70.34,200 |   73.07
 184;,Northern Arizona,=  71.23 ,19,14,69.55( 269),0,1,|,,0   2  | ,70.9,187 |   70.51,199 |   72.07
 185;,Colgate,=  71.23 ,15,17,70.56( 217),0,1,|,,0   1  | ,71.49,176 |   71.17,180 |   70.68
 186;,Northern Illinois,=  71.22 ,13,16,73.35( 131),0,1,|,,0   2  | ,70.23,199 |   71.29,178 |   71.72
 187;,Detroit,=  71.22 ,13,18,73.38( 129),0,1,|,,0   2  | ,70.99,184 |   71.13,183 |   71.16
 188;,Oral Roberts,=  71.19 ,17,14,71.75( 172),0,1,|,,0   1  | ,70.31,198 |   69.99,208 |   73.12
 189;,Monmouth-NJ,=  71.12 ,18,15,69.87( 247),0,1,|,,0   3  | ,70.88,189 |   71.15,182 |   70.97
 190;,American U.,=  71.11 ,17,16,71.22( 191),0,0,|,,0   0  | ,70.04,206 |   70.96,187 |   71.96
Colleg,e Basketball 2014-2015,Div I games,onl,y  t,hrough games of,2015,Ma,rch,1,8 Wednesday,,, 
 ,, RATING ,W,L,SCHEDL(RANK) V,S top,25,|,VS,top 50 | GO,LDEN;_M,EAN  | PREDICTO,R;    | ELO;_SCOR
 , HOME ADVANT,AGE=[  3.34],,,,,,,,[ ,3.25],[  3.30],[  3.47]
 191;,James Madison,=  71.10 ,19,14,70.77( 208),0,2,|,,0   2  | ,70.76,191 |   70.55,198 |   71.75
 192;,Bucknell,=  71.08 ,18,15,70.76( 209),0,1,|,,0   1  | ,70.62,195 |   70.19,202 |   72.26
 193;,Santa Clara,=  71.02 ,12,18,75.01(  91),0,3,|,,0   6  | ,70.88,188 |   70.90,190 |   70.95
 194;,Charleston Southern,=  70.97 ,16,12,69.39( 278),0,0,|,,1   1  | ,70.39,196 |   70.09,205 |   72.24
 195;,Northwestern State,=  70.94 ,15,12,69.84( 250),0,2,|,,0   6  | ,70.07,205 |   70.17,203 |   72.33
 196;,New Hampshire,=  70.85 ,17,13,68.59( 313),0,0,|,,0   0  | ,70.67,193 |   70.63,195 |   70.93
 197;,Texas-Arlington,=  70.82 ,15,15,70.55( 218),0,2,|,,0   2  | ,70.98,185 |   70.58,196 |   70.57
 198;,Norfolk State,=  70.74 ,18,14,68.15( 323),0,2,|,,0   4  | ,70.98,186 |   70.23,201 |   70.77
 199;,Quinnipiac,=  70.71 ,15,15,69.23( 284),0,0,|,,0   0  | ,70.77,190 |   71.39,173 |   69.41
 200;,Lehigh,=  70.70 ,15,14,70.27( 230),0,1,|,,0   1  | ,70.14,203 |   70.64,193 |   70.93
Colleg,e Basketball 2014-2015,Div I games,onl,y  t,hrough games of,2015,Ma,rch,1,8 Wednesday,,, 
 ,, RATING ,W,L,SCHEDL(RANK) V,S top,25,|,VS,top 50 | GO,LDEN;_M,EAN  | PREDICTO,R;    | ELO;_SCOR
 , HOME ADVANT,AGE=[  3.34],,,,,,,,[ ,3.25],[  3.30],[  3.47]
 201;,Winthrop,=  70.69 ,16,13,67.83( 328),0,0,|,,0   1  | ,69.79,207 |   71.15,181 |   70.62
 202;,Eastern Illinois,=  70.57 ,16,14,71.46( 180),0,0,|,,0   0  | ,69.74,210 |   69.17,219 |   72.67
 203;,Dartmouth,=  70.53 ,14,15,71.21( 192),0,0,|,,0   0  | ,69.53,215 |   71.01,185 |   70.53
 204;,Gardner-Webb,=  70.50 ,16,15,71.29( 188),0,1,|,,1   2  | ,70.09,204 |   69.46,214 |   71.77
 205;,George Mason,=  70.40 ,8,22,76.53(  79),0,3,|,,0   8  | ,71.06,181 |   70.66,192 |   69.00
 206;,Texas Southern,=  70.36 ,22,12,67.00( 338),1,2,|,,1   5  | ,68.89,222 |   68.60,230 |   73.43
 207;,Texas A&M-CorpusChris,ti; =  70.29 ,1,8  1,3   68.03( 325),0,,1,|,1   2  | ,70.1,6  200 |   69.4,5  215 |   71.07
 208;,Fresno State,=  70.28 ,13,17,74.00( 112),0,0,|,,1   1  | ,68.95,221 |   70.11,204 |   71.37
 209;,Air Force,=  70.27 ,12,17,72.60( 148),0,0,|,,0   2  | ,70.15,201 |   70.58,197 |   69.61
 210;,South Dakota,=  70.04 ,15,16,70.75( 212),0,0,|,,0   1  | ,70.64,194 |   69.03,221 |   70.31
Colleg,e Basketball 2014-2015,Div I games,onl,y  t,hrough games of,2015,Ma,rch,1,8 Wednesday,,, 
 ,, RATING ,W,L,SCHEDL(RANK) V,S top,25,|,VS,top 50 | GO,LDEN;_M,EAN  | PREDICTO,R;    | ELO;_SCOR
 , HOME ADVANT,AGE=[  3.34],,,,,,,,[ ,3.25],[  3.30],[  3.47]
 211;,Duquesne,=  69.93 ,11,19,74.32( 104),0,0,|,,1   4  | ,69.6,213 |   69.57,213 |   70.32
 212;,Saint Peter's,=  69.92 ,16,18,69.65( 264),0,0,|,,0   0  | ,69.77,208 |   70.64,194 |   68.77
 213;,Tulane,=  69.89 ,14,16,72.48( 153),0,0,|,,0   2  | ,68.53,228 |   69.70,211 |   71.01
 214;,East Tennessee State(,ETS=  69.86 ,14,14,70.18( 234),0,0,|,,0   1  | ,69.61,212 |   69.43,216 |   70.26
 215;,Texas-San Antonio(UTS,A) =  69.79 ,12,16,70.88( 203),0,0,|,,0   0  | ,69.26,217 |   70.04,206 |   69.62
 216;,Saint Francis-Pa.,=  69.64 ,15,16,70.20( 232),0,1,|,,0   1  | ,69.59,214 |   68.74,224 |   70.40
 217;,Cornell,=  69.62 ,12,17,71.62( 176),0,0,|,,0   0  | ,69.13,219 |   69.93,209 |   69.33
 218;,Denver,=  69.60 ,12,18,70.85( 205),0,1,|,,0   2  | ,70.35,197 |   69.29,217 |   68.87
 219;,Rice,=  69.54 ,10,19,72.36( 157),0,1,|,,0   1  | ,69.75,209 |   70.02,207 |   68.33
 220;,Milwaukee,=  69.50 ,12,16,73.35( 132),0,2,|,,0   3  | ,68.1,236 |   68.99,223 |   71.06
Colleg,e Basketball 2014-2015,Div I games,onl,y  t,hrough games of,2015,Ma,rch,1,8 Wednesday,,, 
 ,, RATING ,W,L,SCHEDL(RANK) V,S top,25,|,VS,top 50 | GO,LDEN;_M,EAN  | PREDICTO,R;    | ELO;_SCOR
 , HOME ADVANT,AGE=[  3.34],,,,,,,,[ ,3.25],[  3.30],[  3.47]
 221;,Md.-Eastern Shore(UME,S) =  69.41 ,18,15,68.65( 312),0,1,|,,0   2  | ,68.43,229 |   68.67,226 |   70.84
 222;,Miami-Ohio,=  69.40 ,12,19,73.10( 137),0,1,|,,0   2  | ,69.27,216 |   69.20,218 |   69.40
 223;,Fordham,=  69.40 ,9,21,75.19(  87),0,0,|,,0   7  | ,69.18,218 |   69.74,210 |   68.79
 224;,Mount St. Mary's,=  69.36 ,15,15,69.56( 268),0,2,|,,0   2  | ,69.72,211 |   68.01,239 |   70.24
 225;,Incarnate Word,=  69.32 ,14,11,68.84( 304),0,0,|,,0   2  | ,68.35,232 |   68.66,227 |   70.63
 226;,Houston,=  69.27 ,13,19,71.75( 173),0,0,|,,0   2  | ,68.57,227 |   69.63,212 |   69.11
 227;,East Carolina,=  69.20 ,12,19,73.19( 135),0,1,|,,0   3  | ,68.43,230 |   69.14,220 |   69.62
 228;,UC Riverside,=  68.84 ,12,17,72.15( 163),0,1,|,,0   3  | ,68.58,226 |   68.39,234 |   69.25
 229;,North Texas,=  68.80 ,12,17,72.32( 159),0,1,|,,0   3  | ,68.82,223 |   67.90,241 |   69.49
 230;,Boston U.,=  68.80 ,12,17,70.61( 214),0,1,|,,0   2  | ,68.64,224 |   68.65,228 |   68.76
Colleg,e Basketball 2014-2015,Div I games,onl,y  t,hrough games of,2015,Ma,rch,1,8 Wednesday,,, 
 ,, RATING ,W,L,SCHEDL(RANK) V,S top,25,|,VS,top 50 | GO,LDEN;_M,EAN  | PREDICTO,R;    | ELO;_SCOR
 , HOME ADVANT,AGE=[  3.34],,,,,,,,[ ,3.25],[  3.30],[  3.47]
 231;,Bryant,=  68.76 ,16,15,69.83( 251),0,0,|,,0   0  | ,67.84,240 |   67.95,240 |   70.21
 232;,Western Carolina,=  68.66 ,13,17,70.77( 207),0,0,|,,0   1  | ,67.9,239 |   68.59,231 |   69.10
 233;,Southern Illinois,=  68.66 ,11,21,72.16( 162),0,5,|,,0   5  | ,69.04,220 |   69.02,222 |   67.40
 234;,Pacific,=  68.53 ,9,19,74.57( 100),0,2,|,,0   4  | ,68.64,225 |   68.55,232 |   68.01
 235;,Holy Cross,=  68.44 ,13,16,70.54( 220),0,0,|,,0   0  | ,67.72,243 |   67.73,244 |   69.59
 236;,Ohio,=  68.39 ,10,20,73.80( 119),0,0,|,,0   0  | ,67.32,248 |   68.41,233 |   68.99
 237;,Texas State,=  68.35 ,11,17,70.85( 204),0,1,|,,0   2  | ,67.93,238 |   68.62,229 |   68.03
 238;,Idaho,=  68.23 ,11,17,69.81( 256),0,0,|,,0   0  | ,68.11,235 |   68.71,225 |   67.36
 239;,Ark.-Little Rock(UALR,)  =  68.09 ,12,18,69.84( 249),0,0,|,,0   1  | ,68.26,234 |   68.18,237 |   67.43
 240;,Missouri State,=  67.99 ,9,20,73.97( 115),0,4,|,,0   4  | ,67.76,241 |   67.39,251 |   68.55
Colleg,e Basketball 2014-2015,Div I games,onl,y  t,hrough games of,2015,Ma,rch,1,8 Wednesday,,, 
 ,, RATING ,W,L,SCHEDL(RANK) V,S top,25,|,VS,top 50 | GO,LDEN;_M,EAN  | PREDICTO,R;    | ELO;_SCOR
 , HOME ADVANT,AGE=[  3.34],,,,,,,,[ ,3.25],[  3.30],[  3.47]
 241;,SE Missouri State(SEM,O) =  67.91 ,11,17,69.81( 257),0,1,|,,0   2  | ,68.38,231 |   68.34,235 |   66.47
 242;,Army,=  67.89 ,14,15,68.84( 305),0,1,|,,0   1  | ,67.22,251 |   67.59,246 |   68.53
 243;,NC Asheville,=  67.88 ,12,16,69.59( 267),0,0,|,,0   0  | ,67.53,245 |   67.78,242 |   67.98
 244;,Seattle,=  67.86 ,15,15,67.25( 336),0,0,|,,0   0  | ,67.6,244 |   68.09,238 |   67.44
 245;,Sacred Heart,=  67.84 ,14,17,68.66( 310),0,1,|,,0   1  | ,67.96,237 |   67.08,254 |   68.27
 246;,Northern Colorado,=  67.78 ,13,15,68.45( 317),0,0,|,,0   0  | ,67.72,242 |   67.48,249 |   67.84
 247;,Elon,=  67.54 ,13,18,70.37( 227),0,1,|,,0   1  | ,67.28,249 |   67.68,245 |   67.23
 248;,Loyola Marymount,=  67.51 ,7,23,76.30(  80),0,3,|,,0   6  | ,68.31,233 |   67.18,252 |   66.71
 249;,Drexel,=  67.44 ,11,18,71.66( 175),0,0,|,,0   1  | ,67.44,247 |   67.06,255 |   67.52
 250;,Fla. International,=  67.32 ,14,17,70.69( 213),0,1,|,,0   1  | ,66.73,258 |   66.27,272 |   68.72
Colleg,e Basketball 2014-2015,Div I games,onl,y  t,hrough games of,2015,Ma,rch,1,8 Wednesday,,, 
 ,, RATING ,W,L,SCHEDL(RANK) V,S top,25,|,VS,top 50 | GO,LDEN;_M,EAN  | PREDICTO,R;    | ELO;_SCOR
 , HOME ADVANT,AGE=[  3.34],,,,,,,,[ ,3.25],[  3.30],[  3.47]
 251;,Tennessee Tech,=  67.30 ,10,18,70.35( 228),0,0,|,,0   0  | ,67.52,246 |   67.74,243 |   66.11
 252;,Portland State,=  67.27 ,13,14,69.50( 272),0,0,|,,0   1  | ,66.61,259 |   66.48,265 |   68.45
 253;,Hampton,=  67.25 ,17,17,66.81( 339),0,0,|,,0   1  | ,66.52,261 |   66.61,261 |   68.32
 254;,Wright State,=  67.08 ,9,20,72.57( 150),0,1,|,,0   1  | ,65.94,271 |   67.56,247 |   67.16
 255;,Brown,=  67.04 ,11,18,71.41( 181),0,0,|,,1   0  | ,66.95,252 |   66.61,262 |   67.27
 256;,SIU-Edwardsville,=  66.93 ,10,16,69.51( 271),0,0,|,,0   0  | ,66.89,255 |   66.90,257 |   66.64
 257;,Bradley,=  66.91 ,8,24,73.67( 121),0,5,|,,0   5  | ,67.24,250 |   67.43,250 |   65.47
 258;,Saint Louis,=  66.85 ,10,21,74.29( 105),0,1,|,,0   7  | ,66.14,268 |   66.33,269 |   67.76
 259;,Central Florida(UCF),=  66.81 ,11,18,72.36( 156),0,0,|,,0   3  | ,66.07,269 |   65.96,274 |   68.13
 260;,Weber State,=  66.81 ,11,17,70.05( 240),0,1,|,,0   3  | ,66.81,256 |   66.60,263 |   66.71
Colleg,e Basketball 2014-2015,Div I games,onl,y  t,hrough games of,2015,Ma,rch,1,8 Wednesday,,, 
 ,, RATING ,W,L,SCHEDL(RANK) V,S top,25,|,VS,top 50 | GO,LDEN;_M,EAN  | PREDICTO,R;    | ELO;_SCOR
 , HOME ADVANT,AGE=[  3.34],,,,,,,,[ ,3.25],[  3.30],[  3.47]
 261;,Omaha(Neb.-Omaha),=  66.81 ,11,17,69.49( 273),0,0,|,,0   0  | ,66.43,262 |   67.13,253 |   66.39
 262;,Ball State,=  66.81 ,6,23,74.13( 110),0,1,|,,0   2  | ,66.91,254 |   68.20,236 |   64.24
 263;,Siena,=  66.70 ,11,20,70.47( 224),0,0,|,,0   0  | ,66.94,253 |   66.65,259 |   66.13
 264;,Lamar,=  66.67 ,11,15,69.80( 259),0,1,|,,0   5  | ,65.94,272 |   65.80,277 |   67.98
 265;,CS Bakersfield,=  66.52 ,11,19,67.74( 330),0,0,|,,0   1  | ,66.79,257 |   67.53,248 |   64.36
 266;,South Florida,=  66.46 ,8,23,74.62(  99),0,0,|,,0   3  | ,65.86,274 |   66.63,260 |   66.45
 267;,Alabama State,=  66.43 ,17,10,61.78( 351),0,2,|,,0   2  | ,65.5,280 |   66.38,267 |   66.98
 268;,Hartford,=  66.36 ,13,16,68.92( 299),0,1,|,,0   2  | ,66.33,265 |   65.63,282 |   66.89
 269;,Northern Kentucky,=  66.28 ,11,17,69.40( 277),0,2,|,,0   2  | ,65.33,284 |   66.92,256 |   65.99
 270;,Marshall,=  66.26 ,9,21,72.45( 155),0,2,|,,0   2  | ,65.89,273 |   66.32,270 |   66.17
Colleg,e Basketball 2014-2015,Div I games,onl,y  t,hrough games of,2015,Ma,rch,1,8 Wednesday,,, 
 ,, RATING ,W,L,SCHEDL(RANK) V,S top,25,|,VS,top 50 | GO,LDEN;_M,EAN  | PREDICTO,R;    | ELO;_SCOR
 , HOME ADVANT,AGE=[  3.34],,,,,,,,[ ,3.25],[  3.30],[  3.47]
 271;,Drake,=  66.26 ,8,22,74.69(  96),0,5,|,,0   5  | ,65.96,270 |   65.77,279 |   66.77
 272;,Youngstown State,=  66.16 ,8,21,72.26( 161),0,0,|,,0   1  | ,66.39,263 |   66.54,264 |   65.03
 273;,Towson,=  66.15 ,11,20,69.67( 263),0,1,|,,0   1  | ,66.24,266 |   66.71,258 |   64.89
 274;,Navy,=  66.14 ,12,19,69.80( 258),0,2,|,,0   3  | ,65.43,281 |   65.70,280 |   66.96
 275;,Kansas City(UMKC),=  66.13 ,12,19,68.66( 309),0,1,|,,0   1  | ,66.59,260 |   66.36,268 |   64.94
 276;,IUPUI,=  66.03 ,10,21,72.14( 164),0,1,|,,0   2  | ,65.61,279 |   65.57,283 |   66.61
 277;,Howard,=  66.01 ,13,16,67.78( 329),0,0,|,,0   1  | ,65.35,283 |   65.43,285 |   66.93
 278;,Long Island U.(LIU),=  66.00 ,12,18,69.23( 285),0,0,|,,0   1  | ,66.15,267 |   65.23,288 |   66.40
 279;,Grand Canyon,=  66.00 ,15,15,66.50( 343),0,1,|,,0   2  | ,65.11,289 |   66.28,271 |   66.11
 280;,Delaware State,=  65.93 ,16,18,69.10( 289),0,1,|,,0   2  | ,64.59,295 |   64.35,298 |   68.41
Colleg,e Basketball 2014-2015,Div I games,onl,y  t,hrough games of,2015,Ma,rch,1,8 Wednesday,,, 
 ,, RATING ,W,L,SCHEDL(RANK) V,S top,25,|,VS,top 50 | GO,LDEN;_M,EAN  | PREDICTO,R;    | ELO;_SCOR
 , HOME ADVANT,AGE=[  3.34],,,,,,,,[ ,3.25],[  3.30],[  3.47]
 281;,Appalachian State,=  65.91 ,12,17,70.99( 198),0,0,|,,0   0  | ,65.05,290 |   64.60,294 |   67.75
 282;,CS Northridge,=  65.89 ,7,24,73.32( 133),0,2,|,,0   5  | ,66.37,264 |   66.44,266 |   64.18
 283;,Delaware,=  65.82 ,10,20,71.39( 183),0,1,|,,0   2  | ,65.42,282 |   65.93,275 |   65.69
 284;,Pennsylvania,=  65.74 ,9,19,71.81( 170),0,1,|,,0   2  | ,65.16,288 |   65.28,286 |   66.46
 285;,Nevada,=  65.72 ,7,22,73.52( 125),0,0,|,,0   2  | ,65.74,276 |   65.99,273 |   64.96
 286;,Florida Atlantic,=  65.47 ,7,20,71.32( 186),0,0,|,,0   1  | ,65.8,275 |   65.67,281 |   64.47
 287;,Southern U.,=  65.46 ,15,17,66.77( 340),0,2,|,,0   3  | ,64.57,296 |   64.96,289 |   66.50
 288;,College of Charleston,=  65.44 ,9,24,71.72( 174),0,1,|,,0   5  | ,65.64,277 |   65.80,276 |   64.34
 289;,Arkansas State,=  65.20 ,10,18,70.20( 233),0,0,|,,0   1  | ,65.22,287 |   64.19,300 |   65.99
 290;,Illinois-Chicago,=  65.15 ,8,24,72.73( 144),0,0,|,,0   2  | ,64.89,291 |   65.25,287 |   64.90
Colleg,e Basketball 2014-2015,Div I games,onl,y  t,hrough games of,2015,Ma,rch,1,8 Wednesday,,, 
 ,, RATING ,W,L,SCHEDL(RANK) V,S top,25,|,VS,top 50 | GO,LDEN;_M,EAN  | PREDICTO,R;    | ELO;_SCOR
 , HOME ADVANT,AGE=[  3.34],,,,,,,,[ ,3.25],[  3.30],[  3.47]
 291;,McNeese State,=  65.04 ,11,16,69.17( 287),0,1,|,,0   3  | ,63.95,301 |   64.81,290 |   65.94
 292;,Samford,=  65.03 ,12,19,68.18( 322),0,0,|,,0   1  | ,65.29,285 |   64.76,291 |   64.72
 293;,South Alabama,=  64.99 ,10,21,71.02( 197),0,0,|,,0   1  | ,64.49,299 |   64.47,295 |   65.71
 294;,Troy,=  64.93 ,8,19,69.45( 275),0,0,|,,0   2  | ,65.23,286 |   65.55,284 |   63.32
 295;,VMI,=  64.80 ,9,19,69.89( 245),0,1,|,,0   2  | ,64.87,292 |   64.66,293 |   64.53
 296;,NC Greensboro,=  64.78 ,8,22,69.31( 281),0,1,|,,0   2  | ,64.63,294 |   65.77,278 |   63.09
 297;,Prairie View A&M;,=  64.70 ,1,4  1,8   67.24( 337),0,,1,|,0   3  | ,64.5,5  297 |   64.4,2  296 |   64.83
 298;,UMass Lowell,=  64.68 ,11,17,70.54( 221),0,1,|,,0   1  | ,63.8,303 |   63.62,305 |   66.28
 299;,CS Fullerton,=  64.65 ,7,22,72.47( 154),0,0,|,,0   1  | ,64.33,300 |   64.74,292 |   64.48
 300;,Lipscomb,=  64.52 ,11,17,69.45( 274),0,1,|,,0   2  | ,63.43,306 |   63.95,302 |   65.78
Colleg,e Basketball 2014-2015,Div I games,onl,y  t,hrough games of,2015,Ma,rch,1,8 Wednesday,,, 
 ,, RATING ,W,L,SCHEDL(RANK) V,S top,25,|,VS,top 50 | GO,LDEN;_M,EAN  | PREDICTO,R;    | ELO;_SCOR
 , HOME ADVANT,AGE=[  3.34],,,,,,,,[ ,3.25],[  3.30],[  3.47]
 301;,Furman,=  64.47 ,9,22,70.17( 235),0,1,|,,0   1  | ,65.63,278 |   63.50,306 |   64.01
 302;,Loyola-Maryland,=  64.33 ,11,19,70.57( 215),0,1,|,,0   1  | ,63.06,308 |   62.88,308 |   66.56
 303;,Fairfield,=  64.09 ,7,24,70.50( 223),0,1,|,,0   1  | ,64.63,293 |   64.41,297 |   62.63
 304;,New Orleans,=  63.91 ,8,18,68.78( 306),0,0,|,,0   3  | ,64.54,298 |   63.66,304 |   63.19
 305;,Southern Miss,=  63.83 ,7,20,73.01( 139),0,0,|,,0   1  | ,63.88,302 |   62.61,315 |   64.78
 306;,Wagner,=  63.79 ,9,20,69.81( 255),0,0,|,,0   1  | ,63.13,307 |   63.39,307 |   64.50
 307;,Campbell,=  63.57 ,7,22,69.54( 270),0,1,|,,0   2  | ,63.54,305 |   63.94,303 |   62.71
 308;,Houston Baptist,=  63.46 ,8,16,70.09( 237),0,0,|,,0   2  | ,62.23,313 |   62.69,314 |   65.01
 309;,Niagara,=  63.39 ,8,22,71.06( 196),0,0,|,,0   2  | ,62.47,311 |   64.12,301 |   62.89
 310;,Southern Utah,=  63.23 ,9,19,68.96( 297),0,0,|,,0   0  | ,63.01,309 |   62.87,309 |   63.52
Colleg,e Basketball 2014-2015,Div I games,onl,y  t,hrough games of,2015,Ma,rch,1,8 Wednesday,,, 
 ,, RATING ,W,L,SCHEDL(RANK) V,S top,25,|,VS,top 50 | GO,LDEN;_M,EAN  | PREDICTO,R;    | ELO;_SCOR
 , HOME ADVANT,AGE=[  3.34],,,,,,,,[ ,3.25],[  3.30],[  3.47]
 311;,SE Louisiana,=  63.05 ,8,23,68.40( 319),0,2,|,,0   4  | ,62.37,312 |   64.28,299 |   61.52
 312;,Jacksonville State,=  62.84 ,10,19,69.76( 260),0,1,|,,0   1  | ,61.81,317 |   61.82,319 |   64.45
 313;,North Dakota,=  62.42 ,6,22,70.38( 226),0,2,|,,0   2  | ,62.9,310 |   62.75,313 |   61.00
 314;,Idaho State,=  62.40 ,5,23,69.01( 293),0,0,|,,0   0  | ,63.62,304 |   62.85,310 |   59.61
 315;,Marist,=  62.32 ,7,25,70.55( 219),0,0,|,,0   0  | ,61.65,319 |   62.82,311 |   61.92
 316;,Fairleigh Dickinson,=  62.26 ,7,21,69.82( 253),0,1,|,,0   2  | ,62.18,314 |   62.08,317 |   62.20
 317;,Jackson State,=  62.22 ,11,21,65.86( 346),0,0,|,,0   1  | ,62.15,315 |   62.80,312 |   61.05
 318;,Longwood,=  62.21 ,9,23,69.32( 280),0,0,|,,0   1  | ,61.77,318 |   61.99,318 |   62.53
 319;,Austin Peay,=  61.96 ,6,22,71.17( 194),0,0,|,,0   2  | ,61.43,320 |   62.14,316 |   61.85
 320;,The Citadel,=  61.75 ,8,19,68.99( 295),0,1,|,,0   1  | ,61.88,316 |   61.05,322 |   62.08
Colleg,e Basketball 2014-2015,Div I games,onl,y  t,hrough games of,2015,Ma,rch,1,8 Wednesday,,, 
 ,, RATING ,W,L,SCHEDL(RANK) V,S top,25,|,VS,top 50 | GO,LDEN;_M,EAN  | PREDICTO,R;    | ELO;_SCOR
 , HOME ADVANT,AGE=[  3.34],,,,,,,,[ ,3.25],[  3.30],[  3.47]
 321;,Utah Valley,=  61.46 ,9,19,68.56( 315),0,2,|,,0   2  | ,60.3,324 |   61.16,320 |   62.45
 322;,Western Illinois,=  61.34 ,6,20,71.24( 190),0,0,|,,0   0  | ,60.49,323 |   60.20,324 |   62.90
 323;,Montana State,=  60.94 ,6,23,70.09( 238),0,1,|,,0   2  | ,60.68,321 |   61.11,321 |   60.59
 324;,Ark.-Pine Bluff,=  60.32 ,12,20,66.70( 341),0,1,|,,0   2  | ,59.14,329 |   59.17,327 |   62.09
 325;,Texas-Pan American,=  60.18 ,7,21,69.05( 291),0,1,|,,0   1  | ,59.69,325 |   59.88,325 |   60.64
 326;,Binghamton-NY,=  60.16 ,5,25,70.89( 202),0,1,|,,0   2  | ,60.55,322 |   60.36,323 |   59.03
 327;,Nicholls State,=  59.75 ,7,19,69.05( 292),0,1,|,,0   3  | ,57.76,343 |   59.38,326 |   61.31
 328;,Bethune-Cookman,=  59.17 ,9,21,64.66( 350),0,0,|,,0   0  | ,59.18,327 |   59.12,328 |   58.85
 329;,Presbyterian College,=  59.16 ,6,22,70.00( 241),0,1,|,,0   1  | ,58.39,334 |   58.51,334 |   60.18
 330;,Chicago State,=  59.13 ,5,24,71.36( 185),0,1,|,,0   1  | ,58.58,333 |   59.05,330 |   59.37
Colleg,e Basketball 2014-2015,Div I games,onl,y  t,hrough games of,2015,Ma,rch,1,8 Wednesday,,, 
 ,, RATING ,W,L,SCHEDL(RANK) V,S top,25,|,VS,top 50 | GO,LDEN;_M,EAN  | PREDICTO,R;    | ELO;_SCOR
 , HOME ADVANT,AGE=[  3.34],,,,,,,,[ ,3.25],[  3.30],[  3.47]
 331;,Abilene Christian,=  59.08 ,7,21,68.98( 296),0,0,|,,0   1  | ,57.88,341 |   57.31,342 |   61.26
 332;,Morgan State,=  59.03 ,7,24,68.92( 300),0,1,|,,0   1  | ,59.21,326 |   58.98,331 |   58.52
 333;,SC State,=  58.96 ,9,22,67.90( 326),0,1,|,,0   1  | ,57.95,339 |   57.87,338 |   60.53
 334;,Coppin State,=  58.94 ,7,23,70.42( 225),0,1,|,,0   2  | ,58.38,335 |   58.02,337 |   60.05
 335;,Stetson,=  58.79 ,6,22,68.31( 320),0,0,|,,0   1  | ,58.86,331 |   58.57,333 |   58.62
 336;,Tennessee State,=  58.78 ,3,26,71.40( 182),0,1,|,,0   2  | ,59.12,330 |   59.06,329 |   57.55
 337;,Kennesaw State,=  58.69 ,8,22,69.00( 294),0,1,|,,0   1  | ,57.89,340 |   56.98,343 |   60.57
 338;,NC A&T;,=  58.42 ,,7  2,3   67.38( 335),0,,1,|,0   1  | ,59.1,6  328 |   58.3,9  335 |   57.11
 339;,Alabama A&M;,=  58.31 ,,8  2,0   65.80( 347),0,,0,|,0   1  | ,58.8,4  332 |   57.8,1  339 |   57.98
 340;,Liberty,=  58.31 ,4,24,68.65( 311),0,0,|,,0   0  | ,58.06,337 |   58.91,332 |   57.26
Colleg,e Basketball 2014-2015,Div I games,onl,y  t,hrough games of,2015,Ma,rch,1,8 Wednesday,,, 
 ,, RATING ,W,L,SCHEDL(RANK) V,S top,25,|,VS,top 50 | GO,LDEN;_M,EAN  | PREDICTO,R;    | ELO;_SCOR
 , HOME ADVANT,AGE=[  3.34],,,,,,,,[ ,3.25],[  3.30],[  3.47]
 341;,Jacksonville,=  57.94 ,7,22,67.72( 332),0,0,|,,0   2  | ,56.63,345 |   57.64,341 |   58.98
 342;,Central Connecticut S,t. =  57.89 ,5,26,68.74( 308),0,0,|,,0   1  | ,57.95,338 |   57.78,340 |   57.58
 343;,Savannah State,=  57.89 ,7,22,68.77( 307),0,1,|,,0   4  | ,57.88,342 |   56.52,345 |   58.95
 344;,UMBC,=  57.64 ,4,26,69.21( 286),0,0,|,,0   1  | ,58.12,336 |   58.02,336 |   55.99
 345;,Maine,=  56.82 ,3,27,71.52( 178),0,1,|,,0   1  | ,57.54,344 |   56.94,344 |   55.29
 346;,San Jose State,=  54.20 ,0,28,73.98( 114),0,0,|,,0   1  | ,54.85,346 |   55.20,346 |   50.03
 347;,Alcorn State,=  54.15 ,5,25,65.54( 349),0,1,|,,0   2  | ,54.29,347 |   54.82,347 |   52.31
 348;,Central Arkansas,=  53.22 ,2,27,68.88( 302),0,0,|,,0   1  | ,53.53,348 |   52.99,348 |   52.77
 349;,MVSU(Miss. Valley St.,)  =  52.99 ,6,26,67.50( 334),0,1,|,,0   2  | ,52.26,349 |   51.98,349 |   54.22
 350;,Florida A&M;,=  49.94 ,,2  2,7   66.53( 342),0,,0,|,0   0  | ,50.7,2  350 |   48.9,7  350 |   49.73
Colleg,e Basketball 2014-2015,Div I games,onl,y  t,hrough games of,2015,Ma,rch,1,8 Wednesday,,, 
 ,, RATING ,W,L,SCHEDL(RANK) V,S top,25,|,VS,top 50 | GO,LDEN;_M,EAN  | PREDICTO,R;    | ELO;_SCOR
 , HOME ADVANT,AGE=[  3.34],,,,,,,,[ ,3.25],[  3.30],[  3.47]
 351;,Grambling State,=  43.79 ,0,27,66.40( 344),0,1,|,,0   2  | ,44.68,351 |   43.95,351 |   40.97
